Time,Node,State,Running jobs,Expected jobs
0,Syn_0,free,none,none
0,Syn_1,free,none,none
0,Syn_10,free,none,none
0,Syn_11,free,none,none
0,Syn_12,free,none,none
0,Syn_13,free,none,none
0,Syn_14,free,none,none
0,Syn_15,free,none,none
0,Syn_16,free,none,none
0,Syn_17,free,none,none
0,Syn_18,free,none,none
0,Syn_19,free,none,none
0,Syn_2,free,none,none
0,Syn_20,free,none,none
0,Syn_21,free,none,none
0,Syn_22,free,none,none
0,Syn_23,free,none,none
0,Syn_24,free,none,none
0,Syn_25,free,none,none
0,Syn_26,free,none,none
0,Syn_27,free,none,none
0,Syn_28,free,none,none
0,Syn_29,free,none,none
0,Syn_3,free,none,none
0,Syn_30,free,none,none
0,Syn_31,free,none,none
0,Syn_4,free,none,none
0,Syn_5,free,none,none
0,Syn_6,free,none,none
0,Syn_7,free,none,none
0,Syn_8,free,none,none
0,Syn_9,free,none,none
0,Syn_0,allocated,0,none
0,Syn_1,allocated,0,none
0,Syn_10,allocated,0,none
0,Syn_11,allocated,0,none
0,Syn_12,allocated,0,none
0,Syn_13,allocated,0,none
0,Syn_14,allocated,0,none
0,Syn_15,allocated,0,none
5499,Syn_16,allocated,1,none
5499,Syn_17,allocated,1,none
5499,Syn_18,allocated,1,none
5499,Syn_19,allocated,1,none
5499,Syn_2,allocated,1,none
5499,Syn_20,allocated,1,none
5499,Syn_21,allocated,1,none
5499,Syn_22,allocated,1,none
6599,Syn_23,allocated,2,none
6599,Syn_24,allocated,2,none
6599,Syn_25,allocated,2,none
6599,Syn_26,allocated,2,none
6599,Syn_27,allocated,2,none
6599,Syn_28,allocated,2,none
6599,Syn_29,allocated,2,none
6599,Syn_3,allocated,2,none
16600,Syn_30,allocated,3,none
16600,Syn_31,allocated,3,none
16600,Syn_4,allocated,3,none
16600,Syn_5,allocated,3,none
35199.4,Syn_0,free,none,none
35199.4,Syn_1,free,none,none
35199.4,Syn_10,free,none,none
35199.4,Syn_11,free,none,none
35199.4,Syn_12,free,none,none
35199.4,Syn_13,free,none,none
35199.4,Syn_14,free,none,none
35199.4,Syn_15,free,none,none
35199.4,Syn_0,allocated,4,none
35199.4,Syn_1,allocated,4,none
35199.4,Syn_10,allocated,4,none
35199.4,Syn_11,allocated,4,none
35199.4,Syn_12,allocated,4,none
35199.4,Syn_13,allocated,4,none
35199.4,Syn_14,allocated,4,none
35199.4,Syn_15,allocated,4,none
35220,Syn_6,allocated,5,none
35220,Syn_7,allocated,5,none
35220,Syn_8,allocated,5,none
35220,Syn_9,allocated,5,none
42197.9,Syn_16,free,none,none
42197.9,Syn_17,free,none,none
42197.9,Syn_18,free,none,none
42197.9,Syn_19,free,none,none
42197.9,Syn_2,free,none,none
42197.9,Syn_20,free,none,none
42197.9,Syn_21,free,none,none
42197.9,Syn_22,free,none,none
42197.9,Syn_16,allocated,6,none
42197.9,Syn_17,allocated,6,none
42197.9,Syn_18,allocated,6,none
42197.9,Syn_19,allocated,6,none
42197.9,Syn_2,allocated,6,none
42197.9,Syn_20,allocated,6,none
42197.9,Syn_21,allocated,6,none
42197.9,Syn_22,allocated,6,none
43081.4,Syn_23,free,none,none
43081.4,Syn_24,free,none,none
43081.4,Syn_25,free,none,none
43081.4,Syn_26,free,none,none
43081.4,Syn_27,free,none,none
43081.4,Syn_28,free,none,none
43081.4,Syn_29,free,none,none
43081.4,Syn_3,free,none,none
43081.4,Syn_23,allocated,7,none
43081.4,Syn_24,allocated,7,none
43090.1,Syn_25,allocated,8,none
43095.6,Syn_26,allocated,9,none
43095.6,Syn_27,allocated,9,none
43190.1,Syn_25,free,none,none
43968,Syn_30,free,none,none
43968,Syn_31,free,none,none
43968,Syn_4,free,none,none
43968,Syn_5,free,none,none
45802,Syn_25,allocated,10,none
45902,Syn_25,free,none,none
57046,Syn_25,allocated,11,none
57046,Syn_28,allocated,11,none
57046,Syn_29,allocated,11,none
57046,Syn_3,allocated,11,none
57046,Syn_30,allocated,11,none
57046,Syn_31,allocated,11,none
57046,Syn_4,allocated,11,none
57046,Syn_5,allocated,11,none
61503.1,Syn_26,free,none,none
61503.1,Syn_27,free,none,none
61945.7,Syn_23,free,none,none
61945.7,Syn_24,free,none,none
63869.8,Syn_6,free,none,none
63869.8,Syn_7,free,none,none
63869.8,Syn_8,free,none,none
63869.8,Syn_9,free,none,none
63869.8,Syn_23,allocated,12,none
63869.8,Syn_24,allocated,12,none
63869.8,Syn_26,allocated,12,none
63869.8,Syn_27,allocated,12,none
63869.8,Syn_6,allocated,12,none
63869.8,Syn_7,allocated,12,none
63869.8,Syn_8,allocated,12,none
63869.8,Syn_9,allocated,12,none
70933,Syn_0,free,none,none
70933,Syn_1,free,none,none
70933,Syn_10,free,none,none
70933,Syn_11,free,none,none
70933,Syn_12,free,none,none
70933,Syn_13,free,none,none
70933,Syn_14,free,none,none
70933,Syn_15,free,none,none
70933,Syn_0,allocated,13,none
70933,Syn_1,allocated,13,none
70933,Syn_10,allocated,13,none
70933,Syn_11,allocated,13,none
71906,Syn_12,allocated,14,none
71906,Syn_13,allocated,14,none
71906,Syn_14,allocated,14,none
71906,Syn_15,allocated,14,none
79007.3,Syn_16,free,none,none
79007.3,Syn_17,free,none,none
79007.3,Syn_18,free,none,none
79007.3,Syn_19,free,none,none
79007.3,Syn_2,free,none,none
79007.3,Syn_20,free,none,none
79007.3,Syn_21,free,none,none
79007.3,Syn_22,free,none,none
79007.3,Syn_16,allocated,15,none
79007.3,Syn_17,allocated,15,none
79007.3,Syn_18,allocated,15,none
79007.3,Syn_19,allocated,15,none
79007.3,Syn_2,allocated,15,none
79007.3,Syn_20,allocated,15,none
79007.3,Syn_21,allocated,15,none
79007.3,Syn_22,allocated,15,none
93918.1,Syn_25,free,none,none
93918.1,Syn_28,free,none,none
93918.1,Syn_29,free,none,none
93918.1,Syn_3,free,none,none
93918.1,Syn_30,free,none,none
93918.1,Syn_31,free,none,none
93918.1,Syn_4,free,none,none
93918.1,Syn_5,free,none,none
93918.1,Syn_25,allocated,16,none
93918.1,Syn_28,allocated,16,none
93918.1,Syn_29,allocated,16,none
93918.1,Syn_3,allocated,16,none
93934.8,Syn_30,allocated,17,none
93934.8,Syn_31,allocated,17,none
93955,Syn_4,allocated,18,none
94055,Syn_4,free,none,none
94055,Syn_4,allocated,19,none
94055,Syn_5,allocated,19,none
96848.4,Syn_0,free,none,none
96848.4,Syn_1,free,none,none
96848.4,Syn_10,free,none,none
96848.4,Syn_11,free,none,none
96848.4,Syn_0,allocated,20,none
96848.4,Syn_1,allocated,20,none
96848.4,Syn_10,allocated,20,none
96848.4,Syn_11,allocated,20,none
100142,Syn_23,free,none,none
100142,Syn_24,free,none,none
100142,Syn_26,free,none,none
100142,Syn_27,free,none,none
100142,Syn_6,free,none,none
100142,Syn_7,free,none,none
100142,Syn_8,free,none,none
100142,Syn_9,free,none,none
100142,Syn_23,allocated,21,none
100142,Syn_24,allocated,21,none
100761,Syn_12,free,none,none
100761,Syn_13,free,none,none
100761,Syn_14,free,none,none
100761,Syn_15,free,none,none
107148,Syn_12,allocated,22,none
107148,Syn_13,allocated,22,none
111267,Syn_14,allocated,23,none
111267,Syn_15,allocated,23,none
111267,Syn_26,allocated,23,none
111267,Syn_27,allocated,23,none
111267,Syn_6,allocated,23,none
111267,Syn_7,allocated,23,none
111267,Syn_8,allocated,23,none
111267,Syn_9,allocated,23,none
111982,Syn_23,free,none,none
111982,Syn_24,free,none,none
112164,Syn_4,free,none,none
112164,Syn_5,free,none,none
113718,Syn_30,free,none,none
113718,Syn_31,free,none,none
114129,Syn_23,allocated,24,none
114129,Syn_24,allocated,24,none
115405,Syn_16,free,none,none
115405,Syn_17,free,none,none
115405,Syn_18,free,none,none
115405,Syn_19,free,none,none
115405,Syn_2,free,none,none
115405,Syn_20,free,none,none
115405,Syn_21,free,none,none
115405,Syn_22,free,none,none
119360,Syn_12,free,none,none
119360,Syn_13,free,none,none
121781,Syn_25,free,none,none
121781,Syn_28,free,none,none
121781,Syn_29,free,none,none
121781,Syn_3,free,none,none
124833,Syn_0,free,none,none
124833,Syn_1,free,none,none
124833,Syn_10,free,none,none
124833,Syn_11,free,none,none
127393,Syn_23,free,none,none
127393,Syn_24,free,none,none
145497,Syn_14,free,none,none
145497,Syn_15,free,none,none
145497,Syn_26,free,none,none
145497,Syn_27,free,none,none
145497,Syn_6,free,none,none
145497,Syn_7,free,none,none
145497,Syn_8,free,none,none
145497,Syn_9,free,none,none
149051,Syn_0,allocated,25,none
149051,Syn_1,allocated,25,none
149051,Syn_10,allocated,25,none
149051,Syn_11,allocated,25,none
149431,Syn_12,allocated,26,none
156742,Syn_12,free,none,none
159850,Syn_12,allocated,27,none
159850,Syn_13,allocated,27,none
159850,Syn_14,allocated,27,none
159850,Syn_15,allocated,27,none
159850,Syn_16,allocated,27,none
159850,Syn_17,allocated,27,none
159850,Syn_18,allocated,27,none
159850,Syn_19,allocated,27,none
166593,Syn_2,allocated,28,none
166593,Syn_20,allocated,28,none
166593,Syn_21,allocated,28,none
166593,Syn_22,allocated,28,none
166593,Syn_23,allocated,28,none
166593,Syn_24,allocated,28,none
166593,Syn_25,allocated,28,none
166593,Syn_26,allocated,28,none
167297,Syn_27,allocated,29,none
167297,Syn_28,allocated,29,none
167297,Syn_29,allocated,29,none
167297,Syn_3,allocated,29,none
173023,Syn_30,allocated,30,none
173023,Syn_31,allocated,30,none
173023,Syn_4,allocated,30,none
173023,Syn_5,allocated,30,none
177766,Syn_0,free,none,none
177766,Syn_1,free,none,none
177766,Syn_10,free,none,none
177766,Syn_11,free,none,none
182464,Syn_0,allocated,31,none
182464,Syn_1,allocated,31,none
182464,Syn_10,allocated,31,none
182464,Syn_11,allocated,31,none
182464,Syn_6,allocated,31,none
182464,Syn_7,allocated,31,none
182464,Syn_8,allocated,31,none
182464,Syn_9,allocated,31,none
196903,Syn_27,free,none,none
196903,Syn_28,free,none,none
196903,Syn_29,free,none,none
196903,Syn_3,free,none,none
196903,Syn_27,allocated,32,none
196903,Syn_28,allocated,32,none
196903,Syn_29,allocated,32,none
196903,Syn_3,allocated,32,none
197385,Syn_12,free,none,none
197385,Syn_13,free,none,none
197385,Syn_14,free,none,none
197385,Syn_15,free,none,none
197385,Syn_16,free,none,none
197385,Syn_17,free,none,none
197385,Syn_18,free,none,none
197385,Syn_19,free,none,none
197385,Syn_12,allocated,33,none
197385,Syn_13,allocated,33,none
197385,Syn_14,allocated,33,none
197385,Syn_15,allocated,33,none
197385,Syn_16,allocated,33,none
197385,Syn_17,allocated,33,none
197385,Syn_18,allocated,33,none
197385,Syn_19,allocated,33,none
202408,Syn_30,free,none,none
202408,Syn_31,free,none,none
202408,Syn_4,free,none,none
202408,Syn_5,free,none,none
203031,Syn_2,free,none,none
203031,Syn_20,free,none,none
203031,Syn_21,free,none,none
203031,Syn_22,free,none,none
203031,Syn_23,free,none,none
203031,Syn_24,free,none,none
203031,Syn_25,free,none,none
203031,Syn_26,free,none,none
203031,Syn_2,allocated,34,none
203031,Syn_20,allocated,34,none
203031,Syn_21,allocated,34,none
203031,Syn_22,allocated,34,none
203031,Syn_23,allocated,34,none
203031,Syn_24,allocated,34,none
203031,Syn_25,allocated,34,none
203031,Syn_26,allocated,34,none
203985,Syn_30,allocated,35,none
203985,Syn_31,allocated,35,none
203985,Syn_4,allocated,35,none
203985,Syn_5,allocated,35,none
218252,Syn_0,free,none,none
218252,Syn_1,free,none,none
218252,Syn_10,free,none,none
218252,Syn_11,free,none,none
218252,Syn_6,free,none,none
218252,Syn_7,free,none,none
218252,Syn_8,free,none,none
218252,Syn_9,free,none,none
218252,Syn_0,allocated,36,none
218252,Syn_1,allocated,36,none
218252,Syn_10,allocated,36,none
218252,Syn_11,allocated,36,none
218252,Syn_6,allocated,36,none
218252,Syn_7,allocated,36,none
218252,Syn_8,allocated,36,none
218252,Syn_9,allocated,36,none
227062,Syn_27,free,none,none
227062,Syn_28,free,none,none
227062,Syn_29,free,none,none
227062,Syn_3,free,none,none
227062,Syn_27,allocated,37,none
227162,Syn_27,free,none,none
227162,Syn_27,allocated,38,none
227162,Syn_28,allocated,38,none
227162,Syn_29,allocated,38,none
227162,Syn_3,allocated,38,none
232691,Syn_30,free,none,none
232691,Syn_31,free,none,none
232691,Syn_4,free,none,none
232691,Syn_5,free,none,none
233942,Syn_12,free,none,none
233942,Syn_13,free,none,none
233942,Syn_14,free,none,none
233942,Syn_15,free,none,none
233942,Syn_16,free,none,none
233942,Syn_17,free,none,none
233942,Syn_18,free,none,none
233942,Syn_19,free,none,none
233942,Syn_12,allocated,39,none
233942,Syn_13,allocated,39,none
233942,Syn_14,allocated,39,none
233942,Syn_15,allocated,39,none
233942,Syn_16,allocated,39,none
233942,Syn_17,allocated,39,none
233942,Syn_18,allocated,39,none
233942,Syn_19,allocated,39,none
234000,Syn_30,allocated,40,none
234017,Syn_31,allocated,41,none
234017,Syn_4,allocated,41,none
240446,Syn_2,free,none,none
240446,Syn_20,free,none,none
240446,Syn_21,free,none,none
240446,Syn_22,free,none,none
240446,Syn_23,free,none,none
240446,Syn_24,free,none,none
240446,Syn_25,free,none,none
240446,Syn_26,free,none,none
245021,Syn_30,free,none,none
247698,Syn_2,allocated,42,none
247698,Syn_20,allocated,42,none
247698,Syn_21,allocated,42,none
247698,Syn_22,allocated,42,none
252617,Syn_31,free,none,none
252617,Syn_4,free,none,none
252617,Syn_23,allocated,43,none
252617,Syn_24,allocated,43,none
252617,Syn_25,allocated,43,none
252617,Syn_26,allocated,43,none
252617,Syn_30,allocated,43,none
252617,Syn_31,allocated,43,none
252617,Syn_4,allocated,43,none
252617,Syn_5,allocated,43,none
254374,Syn_0,free,none,none
254374,Syn_1,free,none,none
254374,Syn_10,free,none,none
254374,Syn_11,free,none,none
254374,Syn_6,free,none,none
254374,Syn_7,free,none,none
254374,Syn_8,free,none,none
254374,Syn_9,free,none,none
254374,Syn_0,allocated,44,none
254374,Syn_1,allocated,44,none
254374,Syn_10,allocated,44,none
254374,Syn_11,allocated,44,none
254374,Syn_6,allocated,44,none
254374,Syn_7,allocated,44,none
254374,Syn_8,allocated,44,none
254374,Syn_9,allocated,44,none
257415,Syn_27,free,none,none
257415,Syn_28,free,none,none
257415,Syn_29,free,none,none
257415,Syn_3,free,none,none
257415,Syn_27,allocated,45,none
257415,Syn_28,allocated,45,none
257415,Syn_29,allocated,45,none
257415,Syn_3,allocated,45,none
271026,Syn_12,free,none,none
271026,Syn_13,free,none,none
271026,Syn_14,free,none,none
271026,Syn_15,free,none,none
271026,Syn_16,free,none,none
271026,Syn_17,free,none,none
271026,Syn_18,free,none,none
271026,Syn_19,free,none,none
271026,Syn_12,allocated,46,none
271026,Syn_13,allocated,46,none
271026,Syn_14,allocated,46,none
271026,Syn_15,allocated,46,none
271026,Syn_16,allocated,46,none
271026,Syn_17,allocated,46,none
271026,Syn_18,allocated,46,none
271026,Syn_19,allocated,46,none
275934,Syn_2,free,none,none
275934,Syn_20,free,none,none
275934,Syn_21,free,none,none
275934,Syn_22,free,none,none
287477,Syn_27,free,none,none
287477,Syn_28,free,none,none
287477,Syn_29,free,none,none
287477,Syn_3,free,none,none
287477,Syn_2,allocated,47,none
287477,Syn_20,allocated,47,none
287477,Syn_21,allocated,47,none
287477,Syn_22,allocated,47,none
287477,Syn_27,allocated,47,none
287477,Syn_28,allocated,47,none
287477,Syn_29,allocated,47,none
287477,Syn_3,allocated,47,none
288719,Syn_23,free,none,none
288719,Syn_24,free,none,none
288719,Syn_25,free,none,none
288719,Syn_26,free,none,none
288719,Syn_30,free,none,none
288719,Syn_31,free,none,none
288719,Syn_4,free,none,none
288719,Syn_5,free,none,none
288719,Syn_23,allocated,48,none
288719,Syn_24,allocated,48,none
288719,Syn_25,allocated,48,none
288719,Syn_26,allocated,48,none
288719,Syn_30,allocated,48,none
288719,Syn_31,allocated,48,none
288719,Syn_4,allocated,48,none
288719,Syn_5,allocated,48,none
290773,Syn_0,free,none,none
290773,Syn_1,free,none,none
290773,Syn_10,free,none,none
290773,Syn_11,free,none,none
290773,Syn_6,free,none,none
290773,Syn_7,free,none,none
290773,Syn_8,free,none,none
290773,Syn_9,free,none,none
294702,Syn_0,allocated,49,none
294702,Syn_1,allocated,49,none
294702,Syn_10,allocated,49,none
294702,Syn_11,allocated,49,none
294702,Syn_6,allocated,49,none
294702,Syn_7,allocated,49,none
294702,Syn_8,allocated,49,none
294702,Syn_9,allocated,49,none
305977,Syn_12,free,none,none
305977,Syn_13,free,none,none
305977,Syn_14,free,none,none
305977,Syn_15,free,none,none
305977,Syn_16,free,none,none
305977,Syn_17,free,none,none
305977,Syn_18,free,none,none
305977,Syn_19,free,none,none
311436,Syn_12,allocated,50,none
311436,Syn_13,allocated,50,none
311436,Syn_14,allocated,50,none
311436,Syn_15,allocated,50,none
324034,Syn_2,free,none,none
324034,Syn_20,free,none,none
324034,Syn_21,free,none,none
324034,Syn_22,free,none,none
324034,Syn_27,free,none,none
324034,Syn_28,free,none,none
324034,Syn_29,free,none,none
324034,Syn_3,free,none,none
324034,Syn_16,allocated,51,none
324034,Syn_17,allocated,51,none
324034,Syn_18,allocated,51,none
324034,Syn_19,allocated,51,none
324034,Syn_2,allocated,51,none
324034,Syn_20,allocated,51,none
324034,Syn_21,allocated,51,none
324034,Syn_22,allocated,51,none
325486,Syn_23,free,none,none
325486,Syn_24,free,none,none
325486,Syn_25,free,none,none
325486,Syn_26,free,none,none
325486,Syn_30,free,none,none
325486,Syn_31,free,none,none
325486,Syn_4,free,none,none
325486,Syn_5,free,none,none
325486,Syn_23,allocated,52,none
325486,Syn_24,allocated,52,none
325486,Syn_25,allocated,52,none
325486,Syn_26,allocated,52,none
325486,Syn_27,allocated,52,none
325486,Syn_28,allocated,52,none
325486,Syn_29,allocated,52,none
325486,Syn_3,allocated,52,none
330173,Syn_0,free,none,none
330173,Syn_1,free,none,none
330173,Syn_10,free,none,none
330173,Syn_11,free,none,none
330173,Syn_6,free,none,none
330173,Syn_7,free,none,none
330173,Syn_8,free,none,none
330173,Syn_9,free,none,none
330173,Syn_0,allocated,53,none
330173,Syn_1,allocated,53,none
330173,Syn_10,allocated,53,none
330173,Syn_11,allocated,53,none
330173,Syn_30,allocated,53,none
330173,Syn_31,allocated,53,none
330173,Syn_4,allocated,53,none
330173,Syn_5,allocated,53,none
342048,Syn_12,free,none,none
342048,Syn_13,free,none,none
342048,Syn_14,free,none,none
342048,Syn_15,free,none,none
342048,Syn_12,allocated,54,none
342048,Syn_13,allocated,54,none
342048,Syn_14,allocated,54,none
342048,Syn_15,allocated,54,none
342048,Syn_6,allocated,54,none
342048,Syn_7,allocated,54,none
342048,Syn_8,allocated,54,none
342048,Syn_9,allocated,54,none
360051,Syn_23,free,none,none
360051,Syn_24,free,none,none
360051,Syn_25,free,none,none
360051,Syn_26,free,none,none
360051,Syn_27,free,none,none
360051,Syn_28,free,none,none
360051,Syn_29,free,none,none
360051,Syn_3,free,none,none
360051,Syn_23,allocated,55,none
360051,Syn_24,allocated,55,none
360051,Syn_25,allocated,55,none
360051,Syn_26,allocated,55,none
360051,Syn_27,allocated,55,none
360051,Syn_28,allocated,55,none
360051,Syn_29,allocated,55,none
360051,Syn_3,allocated,55,none
360359,Syn_16,free,none,none
360359,Syn_17,free,none,none
360359,Syn_18,free,none,none
360359,Syn_19,free,none,none
360359,Syn_2,free,none,none
360359,Syn_20,free,none,none
360359,Syn_21,free,none,none
360359,Syn_22,free,none,none
360359,Syn_16,allocated,56,none
360359,Syn_17,allocated,56,none
366150,Syn_0,free,none,none
366150,Syn_1,free,none,none
366150,Syn_10,free,none,none
366150,Syn_11,free,none,none
366150,Syn_30,free,none,none
366150,Syn_31,free,none,none
366150,Syn_4,free,none,none
366150,Syn_5,free,none,none
366150,Syn_0,allocated,57,none
366150,Syn_1,allocated,57,none
366150,Syn_10,allocated,57,none
366150,Syn_11,allocated,57,none
366150,Syn_18,allocated,57,none
366150,Syn_19,allocated,57,none
366150,Syn_2,allocated,57,none
366150,Syn_20,allocated,57,none
366180,Syn_21,allocated,58,none
366201,Syn_22,allocated,59,none
366201,Syn_30,allocated,59,none
366201,Syn_31,allocated,59,none
366201,Syn_4,allocated,59,none
368262,Syn_21,free,none,none
378690,Syn_12,free,none,none
378690,Syn_13,free,none,none
378690,Syn_14,free,none,none
378690,Syn_15,free,none,none
378690,Syn_6,free,none,none
378690,Syn_7,free,none,none
378690,Syn_8,free,none,none
378690,Syn_9,free,none,none
378690,Syn_12,allocated,60,none
378690,Syn_13,allocated,60,none
378690,Syn_14,allocated,60,none
378690,Syn_15,allocated,60,none
378690,Syn_21,allocated,60,none
378690,Syn_5,allocated,60,none
378690,Syn_6,allocated,60,none
378690,Syn_7,allocated,60,none
381951,Syn_16,free,none,none
381951,Syn_17,free,none,none
381951,Syn_16,allocated,61,none
381951,Syn_17,allocated,61,none
381951,Syn_8,allocated,61,none
381951,Syn_9,allocated,61,none
395335,Syn_22,free,none,none
395335,Syn_30,free,none,none
395335,Syn_31,free,none,none
395335,Syn_4,free,none,none
395335,Syn_22,allocated,62,none
395335,Syn_30,allocated,62,none
395335,Syn_31,allocated,62,none
395335,Syn_4,allocated,62,none
396844,Syn_23,free,none,none
396844,Syn_24,free,none,none
396844,Syn_25,free,none,none
396844,Syn_26,free,none,none
396844,Syn_27,free,none,none
396844,Syn_28,free,none,none
396844,Syn_29,free,none,none
396844,Syn_3,free,none,none
396844,Syn_23,allocated,63,none
396844,Syn_24,allocated,63,none
396863,Syn_25,allocated,64,none
400730,Syn_25,free,none,none
402916,Syn_0,free,none,none
402916,Syn_1,free,none,none
402916,Syn_10,free,none,none
402916,Syn_11,free,none,none
402916,Syn_18,free,none,none
402916,Syn_19,free,none,none
402916,Syn_2,free,none,none
402916,Syn_20,free,none,none
402916,Syn_0,allocated,65,none
402916,Syn_1,allocated,65,none
402916,Syn_10,allocated,65,none
402916,Syn_11,allocated,65,none
402916,Syn_18,allocated,65,none
402916,Syn_19,allocated,65,none
402916,Syn_2,allocated,65,none
402916,Syn_20,allocated,65,none
405704,Syn_25,allocated,66,none
405704,Syn_26,allocated,66,none
405704,Syn_27,allocated,66,none
405704,Syn_28,allocated,66,none
407726,Syn_16,free,none,none
407726,Syn_17,free,none,none
407726,Syn_8,free,none,none
407726,Syn_9,free,none,none
407781,Syn_16,allocated,67,none
407781,Syn_17,allocated,67,none
407781,Syn_29,allocated,67,none
407781,Syn_3,allocated,67,none
415010,Syn_12,free,none,none
415010,Syn_13,free,none,none
415010,Syn_14,free,none,none
415010,Syn_15,free,none,none
415010,Syn_21,free,none,none
415010,Syn_5,free,none,none
415010,Syn_6,free,none,none
415010,Syn_7,free,none,none
416964,Syn_23,free,none,none
416964,Syn_24,free,none,none
424239,Syn_22,free,none,none
424239,Syn_30,free,none,none
424239,Syn_31,free,none,none
424239,Syn_4,free,none,none
431221,Syn_12,allocated,68,none
431221,Syn_13,allocated,68,none
431221,Syn_14,allocated,68,none
431221,Syn_15,allocated,68,none
431221,Syn_21,allocated,68,none
431221,Syn_22,allocated,68,none
431221,Syn_23,allocated,68,none
431221,Syn_24,allocated,68,none
431434,Syn_30,allocated,69,none
431434,Syn_31,allocated,69,none
431434,Syn_4,allocated,69,none
431434,Syn_5,allocated,69,none
431434,Syn_6,allocated,69,none
431434,Syn_7,allocated,69,none
431434,Syn_8,allocated,69,none
431434,Syn_9,allocated,69,none
436259,Syn_16,free,none,none
436259,Syn_17,free,none,none
436259,Syn_29,free,none,none
436259,Syn_3,free,none,none
437848,Syn_25,free,none,none
437848,Syn_26,free,none,none
437848,Syn_27,free,none,none
437848,Syn_28,free,none,none
437848,Syn_16,allocated,70,none
437848,Syn_17,allocated,70,none
437848,Syn_25,allocated,70,none
437848,Syn_26,allocated,70,none
437848,Syn_27,allocated,70,none
437848,Syn_28,allocated,70,none
437848,Syn_29,allocated,70,none
437848,Syn_3,allocated,70,none
439110,Syn_0,free,none,none
439110,Syn_1,free,none,none
439110,Syn_10,free,none,none
439110,Syn_11,free,none,none
439110,Syn_18,free,none,none
439110,Syn_19,free,none,none
439110,Syn_2,free,none,none
439110,Syn_20,free,none,none
439110,Syn_0,allocated,71,none
439110,Syn_1,allocated,71,none
439110,Syn_10,allocated,71,none
439110,Syn_11,allocated,71,none
467423,Syn_12,free,none,none
467423,Syn_13,free,none,none
467423,Syn_14,free,none,none
467423,Syn_15,free,none,none
467423,Syn_21,free,none,none
467423,Syn_22,free,none,none
467423,Syn_23,free,none,none
467423,Syn_24,free,none,none
467423,Syn_12,allocated,72,none
467423,Syn_13,allocated,72,none
467423,Syn_14,allocated,72,none
467423,Syn_15,allocated,72,none
467423,Syn_18,allocated,72,none
467423,Syn_19,allocated,72,none
467423,Syn_2,allocated,72,none
467423,Syn_20,allocated,72,none
468106,Syn_30,free,none,none
468106,Syn_31,free,none,none
468106,Syn_4,free,none,none
468106,Syn_5,free,none,none
468106,Syn_6,free,none,none
468106,Syn_7,free,none,none
468106,Syn_8,free,none,none
468106,Syn_9,free,none,none
468106,Syn_21,allocated,73,none
468106,Syn_22,allocated,73,none
468106,Syn_23,allocated,73,none
468106,Syn_24,allocated,73,none
468106,Syn_30,allocated,73,none
468106,Syn_31,allocated,73,none
468106,Syn_4,allocated,73,none
468106,Syn_5,allocated,73,none
469158,Syn_0,free,none,none
469158,Syn_1,free,none,none
469158,Syn_10,free,none,none
469158,Syn_11,free,none,none
469158,Syn_0,allocated,74,none
469158,Syn_1,allocated,74,none
469158,Syn_10,allocated,74,none
469158,Syn_11,allocated,74,none
469158,Syn_6,allocated,74,none
469158,Syn_7,allocated,74,none
469158,Syn_8,allocated,74,none
469158,Syn_9,allocated,74,none
473798,Syn_16,free,none,none
473798,Syn_17,free,none,none
473798,Syn_25,free,none,none
473798,Syn_26,free,none,none
473798,Syn_27,free,none,none
473798,Syn_28,free,none,none
473798,Syn_29,free,none,none
473798,Syn_3,free,none,none
473798,Syn_16,allocated,75,none
473798,Syn_17,allocated,75,none
473798,Syn_25,allocated,75,none
473798,Syn_26,allocated,75,none
473798,Syn_27,allocated,75,none
473798,Syn_28,allocated,75,none
473798,Syn_29,allocated,75,none
473798,Syn_3,allocated,75,none
502967,Syn_21,free,none,none
502967,Syn_22,free,none,none
502967,Syn_23,free,none,none
502967,Syn_24,free,none,none
502967,Syn_30,free,none,none
502967,Syn_31,free,none,none
502967,Syn_4,free,none,none
502967,Syn_5,free,none,none
502967,Syn_21,allocated,76,none
502967,Syn_22,allocated,76,none
502967,Syn_23,allocated,76,none
502967,Syn_24,allocated,76,none
502967,Syn_30,allocated,76,none
502967,Syn_31,allocated,76,none
502967,Syn_4,allocated,76,none
502967,Syn_5,allocated,76,none
503797,Syn_12,free,none,none
503797,Syn_13,free,none,none
503797,Syn_14,free,none,none
503797,Syn_15,free,none,none
503797,Syn_18,free,none,none
503797,Syn_19,free,none,none
503797,Syn_2,free,none,none
503797,Syn_20,free,none,none
503797,Syn_12,allocated,77,none
503797,Syn_13,allocated,77,none
503797,Syn_14,allocated,77,none
503797,Syn_15,allocated,77,none
503797,Syn_18,allocated,77,none
503797,Syn_19,allocated,77,none
503797,Syn_2,allocated,77,none
503797,Syn_20,allocated,77,none
504315,Syn_0,free,none,none
504315,Syn_1,free,none,none
504315,Syn_10,free,none,none
504315,Syn_11,free,none,none
504315,Syn_6,free,none,none
504315,Syn_7,free,none,none
504315,Syn_8,free,none,none
504315,Syn_9,free,none,none
504315,Syn_0,allocated,78,none
504315,Syn_1,allocated,78,none
504315,Syn_10,allocated,78,none
504315,Syn_11,allocated,78,none
504315,Syn_6,allocated,78,none
504315,Syn_7,allocated,78,none
504315,Syn_8,allocated,78,none
504315,Syn_9,allocated,78,none
510285,Syn_16,free,none,none
510285,Syn_17,free,none,none
510285,Syn_25,free,none,none
510285,Syn_26,free,none,none
510285,Syn_27,free,none,none
510285,Syn_28,free,none,none
510285,Syn_29,free,none,none
510285,Syn_3,free,none,none
510285,Syn_16,allocated,79,none
510285,Syn_17,allocated,79,none
510285,Syn_25,allocated,79,none
510285,Syn_26,allocated,79,none
538381,Syn_16,free,none,none
538381,Syn_17,free,none,none
538381,Syn_25,free,none,none
538381,Syn_26,free,none,none
538381,Syn_16,allocated,80,none
538381,Syn_17,allocated,80,none
538381,Syn_25,allocated,80,none
538381,Syn_26,allocated,80,none
538381,Syn_27,allocated,80,none
538381,Syn_28,allocated,80,none
538381,Syn_29,allocated,80,none
538381,Syn_3,allocated,80,none
539175,Syn_21,free,none,none
539175,Syn_22,free,none,none
539175,Syn_23,free,none,none
539175,Syn_24,free,none,none
539175,Syn_30,free,none,none
539175,Syn_31,free,none,none
539175,Syn_4,free,none,none
539175,Syn_5,free,none,none
539175,Syn_21,allocated,81,none
539175,Syn_22,allocated,81,none
539175,Syn_23,allocated,81,none
539175,Syn_24,allocated,81,none
539886,Syn_0,free,none,none
539886,Syn_1,free,none,none
539886,Syn_10,free,none,none
539886,Syn_11,free,none,none
539886,Syn_6,free,none,none
539886,Syn_7,free,none,none
539886,Syn_8,free,none,none
539886,Syn_9,free,none,none
539886,Syn_0,allocated,82,none
539886,Syn_1,allocated,82,none
539886,Syn_10,allocated,82,none
539886,Syn_11,allocated,82,none
539886,Syn_30,allocated,82,none
539886,Syn_31,allocated,82,none
539886,Syn_4,allocated,82,none
539886,Syn_5,allocated,82,none
540813,Syn_12,free,none,none
540813,Syn_13,free,none,none
540813,Syn_14,free,none,none
540813,Syn_15,free,none,none
540813,Syn_18,free,none,none
540813,Syn_19,free,none,none
540813,Syn_2,free,none,none
540813,Syn_20,free,none,none
540813,Syn_12,allocated,83,none
540813,Syn_13,allocated,83,none
540813,Syn_14,allocated,83,none
540813,Syn_15,allocated,83,none
540813,Syn_18,allocated,83,none
540813,Syn_19,allocated,83,none
540813,Syn_2,allocated,83,none
540813,Syn_20,allocated,83,none
567970,Syn_21,free,none,none
567970,Syn_22,free,none,none
567970,Syn_23,free,none,none
567970,Syn_24,free,none,none
567970,Syn_21,allocated,84,none
567970,Syn_22,allocated,84,none
567970,Syn_23,allocated,84,none
567970,Syn_24,allocated,84,none
567970,Syn_6,allocated,84,none
567970,Syn_7,allocated,84,none
567970,Syn_8,allocated,84,none
567970,Syn_9,allocated,84,none
574546,Syn_16,free,none,none
574546,Syn_17,free,none,none
574546,Syn_25,free,none,none
574546,Syn_26,free,none,none
574546,Syn_27,free,none,none
574546,Syn_28,free,none,none
574546,Syn_29,free,none,none
574546,Syn_3,free,none,none
574546,Syn_16,allocated,85,none
574546,Syn_17,allocated,85,none
574546,Syn_25,allocated,85,none
574546,Syn_26,allocated,85,none
574546,Syn_27,allocated,85,none
574546,Syn_28,allocated,85,none
574546,Syn_29,allocated,85,none
574546,Syn_3,allocated,85,none
575376,Syn_0,free,none,none
575376,Syn_1,free,none,none
575376,Syn_10,free,none,none
575376,Syn_11,free,none,none
575376,Syn_30,free,none,none
575376,Syn_31,free,none,none
575376,Syn_4,free,none,none
575376,Syn_5,free,none,none
575376,Syn_0,allocated,86,none
575376,Syn_1,allocated,86,none
575376,Syn_10,allocated,86,none
575376,Syn_11,allocated,86,none
575376,Syn_30,allocated,86,none
575376,Syn_31,allocated,86,none
575376,Syn_4,allocated,86,none
575376,Syn_5,allocated,86,none
576410,Syn_12,free,none,none
576410,Syn_13,free,none,none
576410,Syn_14,free,none,none
576410,Syn_15,free,none,none
576410,Syn_18,free,none,none
576410,Syn_19,free,none,none
576410,Syn_2,free,none,none
576410,Syn_20,free,none,none
576410,Syn_12,allocated,87,none
576410,Syn_13,allocated,87,none
576410,Syn_14,allocated,87,none
576410,Syn_15,allocated,87,none
576410,Syn_18,allocated,87,none
576410,Syn_19,allocated,87,none
576410,Syn_2,allocated,87,none
576410,Syn_20,allocated,87,none
603824,Syn_21,free,none,none
603824,Syn_22,free,none,none
603824,Syn_23,free,none,none
603824,Syn_24,free,none,none
603824,Syn_6,free,none,none
603824,Syn_7,free,none,none
603824,Syn_8,free,none,none
603824,Syn_9,free,none,none
603824,Syn_21,allocated,88,none
603824,Syn_22,allocated,88,none
603824,Syn_23,allocated,88,none
603824,Syn_24,allocated,88,none
603824,Syn_6,allocated,88,none
603824,Syn_7,allocated,88,none
603824,Syn_8,allocated,88,none
603824,Syn_9,allocated,88,none
610511,Syn_16,free,none,none
610511,Syn_17,free,none,none
610511,Syn_25,free,none,none
610511,Syn_26,free,none,none
610511,Syn_27,free,none,none
610511,Syn_28,free,none,none
610511,Syn_29,free,none,none
610511,Syn_3,free,none,none
610511,Syn_16,allocated,89,none
610511,Syn_17,allocated,89,none
610511,Syn_25,allocated,89,none
610511,Syn_26,allocated,89,none
610511,Syn_27,allocated,89,none
610511,Syn_28,allocated,89,none
610511,Syn_29,allocated,89,none
610511,Syn_3,allocated,89,none
612630,Syn_12,free,none,none
612630,Syn_13,free,none,none
612630,Syn_14,free,none,none
612630,Syn_15,free,none,none
612630,Syn_18,free,none,none
612630,Syn_19,free,none,none
612630,Syn_2,free,none,none
612630,Syn_20,free,none,none
612630,Syn_12,allocated,90,none
612730,Syn_12,free,none,none
612730,Syn_12,allocated,91,none
612730,Syn_13,allocated,91,none
612730,Syn_14,allocated,91,none
612730,Syn_15,allocated,91,none
612730,Syn_18,allocated,91,none
612730,Syn_19,allocated,91,none
612730,Syn_2,allocated,91,none
612730,Syn_20,allocated,91,none
613149,Syn_0,free,none,none
613149,Syn_1,free,none,none
613149,Syn_10,free,none,none
613149,Syn_11,free,none,none
613149,Syn_30,free,none,none
613149,Syn_31,free,none,none
613149,Syn_4,free,none,none
613149,Syn_5,free,none,none
613149,Syn_0,allocated,92,none
613149,Syn_1,allocated,92,none
613149,Syn_10,allocated,92,none
613149,Syn_11,allocated,92,none
613149,Syn_30,allocated,92,none
613149,Syn_31,allocated,92,none
613149,Syn_4,allocated,92,none
613149,Syn_5,allocated,92,none
640036,Syn_21,free,none,none
640036,Syn_22,free,none,none
640036,Syn_23,free,none,none
640036,Syn_24,free,none,none
640036,Syn_6,free,none,none
640036,Syn_7,free,none,none
640036,Syn_8,free,none,none
640036,Syn_9,free,none,none
640036,Syn_21,allocated,93,none
640036,Syn_22,allocated,93,none
640036,Syn_23,allocated,93,none
640036,Syn_24,allocated,93,none
640080,Syn_6,allocated,94,none
640080,Syn_7,allocated,94,none
640080,Syn_8,allocated,94,none
640080,Syn_9,allocated,94,none
647360,Syn_16,free,none,none
647360,Syn_17,free,none,none
647360,Syn_25,free,none,none
647360,Syn_26,free,none,none
647360,Syn_27,free,none,none
647360,Syn_28,free,none,none
647360,Syn_29,free,none,none
647360,Syn_3,free,none,none
647360,Syn_16,allocated,95,none
647460,Syn_16,free,none,none
647460,Syn_16,allocated,96,none
647460,Syn_17,allocated,96,none
647460,Syn_25,allocated,96,none
647460,Syn_26,allocated,96,none
647460,Syn_27,allocated,96,none
647460,Syn_28,allocated,96,none
647460,Syn_29,allocated,96,none
647460,Syn_3,allocated,96,none
649805,Syn_0,free,none,none
649805,Syn_1,free,none,none
649805,Syn_10,free,none,none
649805,Syn_11,free,none,none
649805,Syn_30,free,none,none
649805,Syn_31,free,none,none
649805,Syn_4,free,none,none
649805,Syn_5,free,none,none
649805,Syn_0,allocated,97,none
649805,Syn_1,allocated,97,none
649805,Syn_10,allocated,97,none
649805,Syn_11,allocated,97,none
649805,Syn_30,allocated,97,none
649805,Syn_31,allocated,97,none
649805,Syn_4,allocated,97,none
649805,Syn_5,allocated,97,none
651823,Syn_12,free,none,none
651823,Syn_13,free,none,none
651823,Syn_14,free,none,none
651823,Syn_15,free,none,none
651823,Syn_18,free,none,none
651823,Syn_19,free,none,none
651823,Syn_2,free,none,none
651823,Syn_20,free,none,none
651823,Syn_12,allocated,98,none
651823,Syn_13,allocated,98,none
651823,Syn_14,allocated,98,none
651823,Syn_15,allocated,98,none
651840,Syn_18,allocated,99,none
651840,Syn_19,allocated,99,none
667978,Syn_21,free,none,none
667978,Syn_22,free,none,none
667978,Syn_23,free,none,none
667978,Syn_24,free,none,none
669332,Syn_6,free,none,none
669332,Syn_7,free,none,none
669332,Syn_8,free,none,none
669332,Syn_9,free,none,none
669332,Syn_2,allocated,100,none
669332,Syn_20,allocated,100,none
669332,Syn_21,allocated,100,none
669332,Syn_22,allocated,100,none
669332,Syn_23,allocated,100,none
669332,Syn_24,allocated,100,none
669332,Syn_6,allocated,100,none
669332,Syn_7,allocated,100,none
673422,Syn_18,free,none,none
673422,Syn_19,free,none,none
676805,Syn_12,free,none,none
676805,Syn_13,free,none,none
676805,Syn_14,free,none,none
676805,Syn_15,free,none,none
676805,Syn_12,allocated,101,none
676805,Syn_13,allocated,101,none
676805,Syn_14,allocated,101,none
676805,Syn_15,allocated,101,none
676805,Syn_18,allocated,101,none
676805,Syn_19,allocated,101,none
676805,Syn_8,allocated,101,none
676805,Syn_9,allocated,101,none
684485,Syn_16,free,none,none
684485,Syn_17,free,none,none
684485,Syn_25,free,none,none
684485,Syn_26,free,none,none
684485,Syn_27,free,none,none
684485,Syn_28,free,none,none
684485,Syn_29,free,none,none
684485,Syn_3,free,none,none
684485,Syn_16,allocated,102,none
684485,Syn_17,allocated,102,none
684485,Syn_25,allocated,102,none
684485,Syn_26,allocated,102,none
684485,Syn_27,allocated,102,none
684485,Syn_28,allocated,102,none
684485,Syn_29,allocated,102,none
684485,Syn_3,allocated,102,none
685899,Syn_0,free,none,none
685899,Syn_1,free,none,none
685899,Syn_10,free,none,none
685899,Syn_11,free,none,none
685899,Syn_30,free,none,none
685899,Syn_31,free,none,none
685899,Syn_4,free,none,none
685899,Syn_5,free,none,none
685899,Syn_0,allocated,103,none
685899,Syn_1,allocated,103,none
702923,Syn_0,free,none,none
702923,Syn_1,free,none,none
702923,Syn_0,allocated,104,none
702923,Syn_1,allocated,104,none
702923,Syn_10,allocated,104,none
702923,Syn_11,allocated,104,none
702923,Syn_30,allocated,104,none
702923,Syn_31,allocated,104,none
702923,Syn_4,allocated,104,none
702923,Syn_5,allocated,104,none
706027,Syn_2,free,none,none
706027,Syn_20,free,none,none
706027,Syn_21,free,none,none
706027,Syn_22,free,none,none
706027,Syn_23,free,none,none
706027,Syn_24,free,none,none
706027,Syn_6,free,none,none
706027,Syn_7,free,none,none
706027,Syn_2,allocated,105,none
706027,Syn_20,allocated,105,none
706027,Syn_21,allocated,105,none
706027,Syn_22,allocated,105,none
706027,Syn_23,allocated,105,none
706027,Syn_24,allocated,105,none
706027,Syn_6,allocated,105,none
706027,Syn_7,allocated,105,none
713491,Syn_12,free,none,none
713491,Syn_13,free,none,none
713491,Syn_14,free,none,none
713491,Syn_15,free,none,none
713491,Syn_18,free,none,none
713491,Syn_19,free,none,none
713491,Syn_8,free,none,none
713491,Syn_9,free,none,none
713491,Syn_12,allocated,106,none
713491,Syn_13,allocated,106,none
713491,Syn_14,allocated,106,none
713491,Syn_15,allocated,106,none
713511,Syn_18,allocated,107,none
713511,Syn_19,allocated,107,none
720122,Syn_16,free,none,none
720122,Syn_17,free,none,none
720122,Syn_25,free,none,none
720122,Syn_26,free,none,none
720122,Syn_27,free,none,none
720122,Syn_28,free,none,none
720122,Syn_29,free,none,none
720122,Syn_3,free,none,none
720122,Syn_16,allocated,108,none
720122,Syn_17,allocated,108,none
720122,Syn_25,allocated,108,none
720122,Syn_26,allocated,108,none
720122,Syn_27,allocated,108,none
720122,Syn_28,allocated,108,none
720122,Syn_29,allocated,108,none
720122,Syn_3,allocated,108,none
720171,Syn_8,allocated,109,none
720171,Syn_9,allocated,109,none
732720,Syn_18,free,none,none
732720,Syn_19,free,none,none
735208,Syn_8,free,none,none
735208,Syn_9,free,none,none
735208,Syn_18,allocated,110,none
735208,Syn_19,allocated,110,none
735208,Syn_8,allocated,110,none
735208,Syn_9,allocated,110,none
739008,Syn_0,free,none,none
739008,Syn_1,free,none,none
739008,Syn_10,free,none,none
739008,Syn_11,free,none,none
739008,Syn_30,free,none,none
739008,Syn_31,free,none,none
739008,Syn_4,free,none,none
739008,Syn_5,free,none,none
739008,Syn_0,allocated,111,none
739008,Syn_1,allocated,111,none
739008,Syn_10,allocated,111,none
739008,Syn_11,allocated,111,none
739020,Syn_30,allocated,112,none
739020,Syn_31,allocated,112,none
739020,Syn_4,allocated,112,none
739020,Syn_5,allocated,112,none
741575,Syn_2,free,none,none
741575,Syn_20,free,none,none
741575,Syn_21,free,none,none
741575,Syn_22,free,none,none
741575,Syn_23,free,none,none
741575,Syn_24,free,none,none
741575,Syn_6,free,none,none
741575,Syn_7,free,none,none
741575,Syn_2,allocated,113,none
741575,Syn_20,allocated,113,none
741575,Syn_21,allocated,113,none
741575,Syn_22,allocated,113,none
741575,Syn_23,allocated,113,none
741575,Syn_24,allocated,113,none
741575,Syn_6,allocated,113,none
741575,Syn_7,allocated,113,none
744173,Syn_12,free,none,none
744173,Syn_13,free,none,none
744173,Syn_14,free,none,none
744173,Syn_15,free,none,none
755907,Syn_16,free,none,none
755907,Syn_17,free,none,none
755907,Syn_25,free,none,none
755907,Syn_26,free,none,none
755907,Syn_27,free,none,none
755907,Syn_28,free,none,none
755907,Syn_29,free,none,none
755907,Syn_3,free,none,none
755907,Syn_12,allocated,114,none
755907,Syn_13,allocated,114,none
755907,Syn_14,allocated,114,none
755907,Syn_15,allocated,114,none
755907,Syn_16,allocated,114,none
755907,Syn_17,allocated,114,none
755907,Syn_25,allocated,114,none
755907,Syn_26,allocated,114,none
764781,Syn_18,free,none,none
764781,Syn_19,free,none,none
764781,Syn_8,free,none,none
764781,Syn_9,free,none,none
764781,Syn_18,allocated,115,none
764781,Syn_19,allocated,115,none
764781,Syn_27,allocated,115,none
764781,Syn_28,allocated,115,none
764781,Syn_29,allocated,115,none
764781,Syn_3,allocated,115,none
764781,Syn_8,allocated,115,none
764781,Syn_9,allocated,115,none
767447,Syn_30,free,none,none
767447,Syn_31,free,none,none
767447,Syn_4,free,none,none
767447,Syn_5,free,none,none
767447,Syn_30,allocated,116,none
767447,Syn_31,allocated,116,none
767447,Syn_4,allocated,116,none
767447,Syn_5,allocated,116,none
767475,Syn_0,free,none,none
767475,Syn_1,free,none,none
767475,Syn_10,free,none,none
767475,Syn_11,free,none,none
767475,Syn_0,allocated,117,none
767475,Syn_1,allocated,117,none
767475,Syn_10,allocated,117,none
767475,Syn_11,allocated,117,none
778315,Syn_2,free,none,none
778315,Syn_20,free,none,none
778315,Syn_21,free,none,none
778315,Syn_22,free,none,none
778315,Syn_23,free,none,none
778315,Syn_24,free,none,none
778315,Syn_6,free,none,none
778315,Syn_7,free,none,none
778315,Syn_2,allocated,118,none
778415,Syn_2,free,none,none
778415,Syn_2,allocated,119,none
778415,Syn_20,allocated,119,none
778415,Syn_21,allocated,119,none
778415,Syn_22,allocated,119,none
778415,Syn_23,allocated,119,none
778415,Syn_24,allocated,119,none
778415,Syn_6,allocated,119,none
778415,Syn_7,allocated,119,none
793004,Syn_12,free,none,none
793004,Syn_13,free,none,none
793004,Syn_14,free,none,none
793004,Syn_15,free,none,none
793004,Syn_16,free,none,none
793004,Syn_17,free,none,none
793004,Syn_25,free,none,none
793004,Syn_26,free,none,none
793004,Syn_12,allocated,120,none
793004,Syn_13,allocated,120,none
793004,Syn_14,allocated,120,none
793004,Syn_15,allocated,120,none
793004,Syn_16,allocated,120,none
793004,Syn_17,allocated,120,none
793004,Syn_25,allocated,120,none
793004,Syn_26,allocated,120,none
794252,Syn_0,free,none,none
794252,Syn_1,free,none,none
794252,Syn_10,free,none,none
794252,Syn_11,free,none,none
796686,Syn_30,free,none,none
796686,Syn_31,free,none,none
796686,Syn_4,free,none,none
796686,Syn_5,free,none,none
796686,Syn_0,allocated,121,none
796686,Syn_1,allocated,121,none
796686,Syn_10,allocated,121,none
796686,Syn_11,allocated,121,none
796686,Syn_30,allocated,121,none
796686,Syn_31,allocated,121,none
796686,Syn_4,allocated,121,none
796686,Syn_5,allocated,121,none
801797,Syn_18,free,none,none
801797,Syn_19,free,none,none
801797,Syn_27,free,none,none
801797,Syn_28,free,none,none
801797,Syn_29,free,none,none
801797,Syn_3,free,none,none
801797,Syn_8,free,none,none
801797,Syn_9,free,none,none
801797,Syn_18,allocated,122,none
801797,Syn_19,allocated,122,none
801797,Syn_27,allocated,122,none
801797,Syn_28,allocated,122,none
801797,Syn_29,allocated,122,none
801797,Syn_3,allocated,122,none
801797,Syn_8,allocated,122,none
801797,Syn_9,allocated,122,none
814495,Syn_2,free,none,none
814495,Syn_20,free,none,none
814495,Syn_21,free,none,none
814495,Syn_22,free,none,none
814495,Syn_23,free,none,none
814495,Syn_24,free,none,none
814495,Syn_6,free,none,none
814495,Syn_7,free,none,none
814495,Syn_2,allocated,123,none
814751,Syn_2,free,none,none
814751,Syn_2,allocated,124,none
814751,Syn_20,allocated,124,none
814751,Syn_21,allocated,124,none
814751,Syn_22,allocated,124,none
814751,Syn_23,allocated,124,none
814751,Syn_24,allocated,124,none
814751,Syn_6,allocated,124,none
814751,Syn_7,allocated,124,none
831090,Syn_12,free,none,none
831090,Syn_13,free,none,none
831090,Syn_14,free,none,none
831090,Syn_15,free,none,none
831090,Syn_16,free,none,none
831090,Syn_17,free,none,none
831090,Syn_25,free,none,none
831090,Syn_26,free,none,none
831090,Syn_12,allocated,125,none
831090,Syn_13,allocated,125,none
831090,Syn_14,allocated,125,none
831090,Syn_15,allocated,125,none
832946,Syn_0,free,none,none
832946,Syn_1,free,none,none
832946,Syn_10,free,none,none
832946,Syn_11,free,none,none
832946,Syn_30,free,none,none
832946,Syn_31,free,none,none
832946,Syn_4,free,none,none
832946,Syn_5,free,none,none
832946,Syn_0,allocated,126,none
832946,Syn_1,allocated,126,none
832946,Syn_10,allocated,126,none
832946,Syn_11,allocated,126,none
832946,Syn_16,allocated,126,none
832946,Syn_17,allocated,126,none
832946,Syn_25,allocated,126,none
832946,Syn_26,allocated,126,none
832956,Syn_30,allocated,127,none
832956,Syn_31,allocated,127,none
837422,Syn_18,free,none,none
837422,Syn_19,free,none,none
837422,Syn_27,free,none,none
837422,Syn_28,free,none,none
837422,Syn_29,free,none,none
837422,Syn_3,free,none,none
837422,Syn_8,free,none,none
837422,Syn_9,free,none,none
837422,Syn_18,allocated,128,none
837422,Syn_19,allocated,128,none
837422,Syn_27,allocated,128,none
837422,Syn_28,allocated,128,none
837422,Syn_29,allocated,128,none
837422,Syn_3,allocated,128,none
837422,Syn_4,allocated,128,none
837422,Syn_5,allocated,128,none
851828,Syn_30,free,none,none
851828,Syn_31,free,none,none
852115,Syn_2,free,none,none
852115,Syn_20,free,none,none
852115,Syn_21,free,none,none
852115,Syn_22,free,none,none
852115,Syn_23,free,none,none
852115,Syn_24,free,none,none
852115,Syn_6,free,none,none
852115,Syn_7,free,none,none
852115,Syn_2,allocated,129,none
852115,Syn_20,allocated,129,none
852115,Syn_21,allocated,129,none
852115,Syn_22,allocated,129,none
852115,Syn_23,allocated,129,none
852115,Syn_24,allocated,129,none
852115,Syn_30,allocated,129,none
852115,Syn_31,allocated,129,none
859915,Syn_12,free,none,none
859915,Syn_13,free,none,none
859915,Syn_14,free,none,none
859915,Syn_15,free,none,none
859915,Syn_12,allocated,130,none
859915,Syn_13,allocated,130,none
859915,Syn_14,allocated,130,none
859915,Syn_15,allocated,130,none
859915,Syn_6,allocated,130,none
859915,Syn_7,allocated,130,none
859915,Syn_8,allocated,130,none
859915,Syn_9,allocated,130,none
870651,Syn_0,free,none,none
870651,Syn_1,free,none,none
870651,Syn_10,free,none,none
870651,Syn_11,free,none,none
870651,Syn_16,free,none,none
870651,Syn_17,free,none,none
870651,Syn_25,free,none,none
870651,Syn_26,free,none,none
870651,Syn_0,allocated,131,none
870651,Syn_1,allocated,131,none
870651,Syn_10,allocated,131,none
870651,Syn_11,allocated,131,none
870651,Syn_16,allocated,131,none
870651,Syn_17,allocated,131,none
870651,Syn_25,allocated,131,none
870651,Syn_26,allocated,131,none
873268,Syn_18,free,none,none
873268,Syn_19,free,none,none
873268,Syn_27,free,none,none
873268,Syn_28,free,none,none
873268,Syn_29,free,none,none
873268,Syn_3,free,none,none
873268,Syn_4,free,none,none
873268,Syn_5,free,none,none
873268,Syn_18,allocated,132,none
873268,Syn_19,allocated,132,none
873268,Syn_27,allocated,132,none
873268,Syn_28,allocated,132,none
889149,Syn_2,free,none,none
889149,Syn_20,free,none,none
889149,Syn_21,free,none,none
889149,Syn_22,free,none,none
889149,Syn_23,free,none,none
889149,Syn_24,free,none,none
889149,Syn_30,free,none,none
889149,Syn_31,free,none,none
889149,Syn_2,allocated,133,none
889149,Syn_20,allocated,133,none
889149,Syn_21,allocated,133,none
889149,Syn_22,allocated,133,none
889149,Syn_23,allocated,133,none
889149,Syn_24,allocated,133,none
889149,Syn_29,allocated,133,none
889149,Syn_3,allocated,133,none
889163,Syn_30,allocated,134,none
889163,Syn_31,allocated,134,none
889163,Syn_4,allocated,134,none
889163,Syn_5,allocated,134,none
897765,Syn_12,free,none,none
897765,Syn_13,free,none,none
897765,Syn_14,free,none,none
897765,Syn_15,free,none,none
897765,Syn_6,free,none,none
897765,Syn_7,free,none,none
897765,Syn_8,free,none,none
897765,Syn_9,free,none,none
897765,Syn_12,allocated,135,none
897865,Syn_12,free,none,none
897865,Syn_12,allocated,136,none
897865,Syn_13,allocated,136,none
897865,Syn_14,allocated,136,none
897865,Syn_15,allocated,136,none
897865,Syn_6,allocated,136,none
897865,Syn_7,allocated,136,none
897865,Syn_8,allocated,136,none
897865,Syn_9,allocated,136,none
900635,Syn_18,free,none,none
900635,Syn_19,free,none,none
900635,Syn_27,free,none,none
900635,Syn_28,free,none,none
900635,Syn_18,allocated,137,none
900635,Syn_19,allocated,137,none
900635,Syn_27,allocated,137,none
900635,Syn_28,allocated,137,none
908132,Syn_0,free,none,none
908132,Syn_1,free,none,none
908132,Syn_10,free,none,none
908132,Syn_11,free,none,none
908132,Syn_16,free,none,none
908132,Syn_17,free,none,none
908132,Syn_25,free,none,none
908132,Syn_26,free,none,none
908132,Syn_0,allocated,138,none
908132,Syn_1,allocated,138,none
908132,Syn_10,allocated,138,none
908132,Syn_11,allocated,138,none
908160,Syn_16,allocated,139,none
908160,Syn_17,allocated,139,none
908160,Syn_25,allocated,139,none
908160,Syn_26,allocated,139,none
917945,Syn_30,free,none,none
917945,Syn_31,free,none,none
917945,Syn_4,free,none,none
917945,Syn_5,free,none,none
924317,Syn_2,free,none,none
924317,Syn_20,free,none,none
924317,Syn_21,free,none,none
924317,Syn_22,free,none,none
924317,Syn_23,free,none,none
924317,Syn_24,free,none,none
924317,Syn_29,free,none,none
924317,Syn_3,free,none,none
924317,Syn_2,allocated,140,none
924317,Syn_20,allocated,140,none
924317,Syn_21,allocated,140,none
924317,Syn_22,allocated,140,none
924317,Syn_23,allocated,140,none
924317,Syn_24,allocated,140,none
924317,Syn_29,allocated,140,none
924317,Syn_3,allocated,140,none
929198,Syn_18,free,none,none
929198,Syn_19,free,none,none
929198,Syn_27,free,none,none
929198,Syn_28,free,none,none
929198,Syn_18,allocated,141,none
929198,Syn_19,allocated,141,none
929198,Syn_27,allocated,141,none
929198,Syn_28,allocated,141,none
929198,Syn_30,allocated,141,none
929198,Syn_31,allocated,141,none
929198,Syn_4,allocated,141,none
929198,Syn_5,allocated,141,none
934054,Syn_12,free,none,none
934054,Syn_13,free,none,none
934054,Syn_14,free,none,none
934054,Syn_15,free,none,none
934054,Syn_6,free,none,none
934054,Syn_7,free,none,none
934054,Syn_8,free,none,none
934054,Syn_9,free,none,none
934054,Syn_12,allocated,142,none
934054,Syn_13,allocated,142,none
936246,Syn_16,free,none,none
936246,Syn_17,free,none,none
936246,Syn_25,free,none,none
936246,Syn_26,free,none,none
936246,Syn_14,allocated,143,none
936246,Syn_15,allocated,143,none
936246,Syn_16,allocated,143,none
936246,Syn_17,allocated,143,none
936246,Syn_25,allocated,143,none
936246,Syn_26,allocated,143,none
936246,Syn_6,allocated,143,none
936246,Syn_7,allocated,143,none
937011,Syn_0,free,none,none
937011,Syn_1,free,none,none
937011,Syn_10,free,none,none
937011,Syn_11,free,none,none
937011,Syn_0,allocated,144,none
937011,Syn_1,allocated,144,none
937011,Syn_10,allocated,144,none
937011,Syn_11,allocated,144,none
954538,Syn_12,free,none,none
954538,Syn_13,free,none,none
954538,Syn_12,allocated,145,none
954538,Syn_13,allocated,145,none
954538,Syn_8,allocated,145,none
954538,Syn_9,allocated,145,none
960606,Syn_2,free,none,none
960606,Syn_20,free,none,none
960606,Syn_21,free,none,none
960606,Syn_22,free,none,none
960606,Syn_23,free,none,none
960606,Syn_24,free,none,none
960606,Syn_29,free,none,none
960606,Syn_3,free,none,none
960606,Syn_2,allocated,146,none
960642,Syn_20,allocated,147,none
960642,Syn_21,allocated,147,none
960651,Syn_22,allocated,148,none
960651,Syn_23,allocated,148,none
960651,Syn_24,allocated,148,none
960651,Syn_29,allocated,148,none
960706,Syn_2,free,none,none
964387,Syn_18,free,none,none
964387,Syn_19,free,none,none
964387,Syn_27,free,none,none
964387,Syn_28,free,none,none
964387,Syn_30,free,none,none
964387,Syn_31,free,none,none
964387,Syn_4,free,none,none
964387,Syn_5,free,none,none
964387,Syn_18,allocated,149,none
964387,Syn_19,allocated,149,none
964387,Syn_2,allocated,149,none
964387,Syn_27,allocated,149,none
964387,Syn_28,allocated,149,none
964387,Syn_3,allocated,149,none
964387,Syn_30,allocated,149,none
964387,Syn_31,allocated,149,none
966694,Syn_0,free,none,none
966694,Syn_1,free,none,none
966694,Syn_10,free,none,none
966694,Syn_11,free,none,none
972390,Syn_14,free,none,none
972390,Syn_15,free,none,none
972390,Syn_16,free,none,none
972390,Syn_17,free,none,none
972390,Syn_25,free,none,none
972390,Syn_26,free,none,none
972390,Syn_6,free,none,none
972390,Syn_7,free,none,none
972390,Syn_0,allocated,150,none
972390,Syn_1,allocated,150,none
972390,Syn_10,allocated,150,none
972390,Syn_11,allocated,150,none
972390,Syn_14,allocated,150,none
972390,Syn_15,allocated,150,none
972390,Syn_16,allocated,150,none
972390,Syn_17,allocated,150,none
980518,Syn_20,free,none,none
980518,Syn_21,free,none,none
980518,Syn_20,allocated,151,none
980518,Syn_21,allocated,151,none
980518,Syn_25,allocated,151,none
980518,Syn_26,allocated,151,none
980518,Syn_4,allocated,151,none
980518,Syn_5,allocated,151,none
980518,Syn_6,allocated,151,none
980518,Syn_7,allocated,151,none
984344,Syn_12,free,none,none
984344,Syn_13,free,none,none
984344,Syn_8,free,none,none
984344,Syn_9,free,none,none
986345,Syn_22,free,none,none
986345,Syn_23,free,none,none
986345,Syn_24,free,none,none
986345,Syn_29,free,none,none
986345,Syn_12,allocated,152,none
986345,Syn_13,allocated,152,none
986345,Syn_22,allocated,152,none
986345,Syn_23,allocated,152,none
986345,Syn_24,allocated,152,none
986345,Syn_29,allocated,152,none
986345,Syn_8,allocated,152,none
986345,Syn_9,allocated,152,none
999467,Syn_18,free,none,none
999467,Syn_19,free,none,none
999467,Syn_2,free,none,none
999467,Syn_27,free,none,none
999467,Syn_28,free,none,none
999467,Syn_3,free,none,none
999467,Syn_30,free,none,none
999467,Syn_31,free,none,none
999467,Syn_18,allocated,153,none
999467,Syn_19,allocated,153,none
999467,Syn_2,allocated,153,none
999467,Syn_27,allocated,153,none
999467,Syn_28,allocated,153,none
999467,Syn_3,allocated,153,none
999467,Syn_30,allocated,153,none
999467,Syn_31,allocated,153,none
1.00904e+06,Syn_0,free,none,none
1.00904e+06,Syn_1,free,none,none
1.00904e+06,Syn_10,free,none,none
1.00904e+06,Syn_11,free,none,none
1.00904e+06,Syn_14,free,none,none
1.00904e+06,Syn_15,free,none,none
1.00904e+06,Syn_16,free,none,none
1.00904e+06,Syn_17,free,none,none
1.00904e+06,Syn_0,allocated,154,none
1.00904e+06,Syn_1,allocated,154,none
1.00904e+06,Syn_10,allocated,154,none
1.00904e+06,Syn_11,allocated,154,none
1.00907e+06,Syn_14,allocated,155,none
1.00917e+06,Syn_14,free,none,none
1.01783e+06,Syn_20,free,none,none
1.01783e+06,Syn_21,free,none,none
1.01783e+06,Syn_25,free,none,none
1.01783e+06,Syn_26,free,none,none
1.01783e+06,Syn_4,free,none,none
1.01783e+06,Syn_5,free,none,none
1.01783e+06,Syn_6,free,none,none
1.01783e+06,Syn_7,free,none,none
1.01783e+06,Syn_14,allocated,156,none
1.01783e+06,Syn_15,allocated,156,none
1.01783e+06,Syn_16,allocated,156,none
1.01783e+06,Syn_17,allocated,156,none
1.01783e+06,Syn_20,allocated,156,none
1.01783e+06,Syn_21,allocated,156,none
1.01783e+06,Syn_25,allocated,156,none
1.01783e+06,Syn_26,allocated,156,none
1.01784e+06,Syn_4,allocated,157,none
1.01784e+06,Syn_5,allocated,157,none
1.01784e+06,Syn_6,allocated,157,none
1.01784e+06,Syn_7,allocated,157,none
1.0226e+06,Syn_12,free,none,none
1.0226e+06,Syn_13,free,none,none
1.0226e+06,Syn_22,free,none,none
1.0226e+06,Syn_23,free,none,none
1.0226e+06,Syn_24,free,none,none
1.0226e+06,Syn_29,free,none,none
1.0226e+06,Syn_8,free,none,none
1.0226e+06,Syn_9,free,none,none
1.0226e+06,Syn_12,allocated,158,none
1.0226e+06,Syn_13,allocated,158,none
1.0226e+06,Syn_22,allocated,158,none
1.0226e+06,Syn_23,allocated,158,none
1.03557e+06,Syn_18,free,none,none
1.03557e+06,Syn_19,free,none,none
1.03557e+06,Syn_2,free,none,none
1.03557e+06,Syn_27,free,none,none
1.03557e+06,Syn_28,free,none,none
1.03557e+06,Syn_3,free,none,none
1.03557e+06,Syn_30,free,none,none
1.03557e+06,Syn_31,free,none,none
1.03557e+06,Syn_18,allocated,159,none
1.03557e+06,Syn_19,allocated,159,none
1.03557e+06,Syn_2,allocated,159,none
1.03557e+06,Syn_24,allocated,159,none
1.03557e+06,Syn_27,allocated,159,none
1.03557e+06,Syn_28,allocated,159,none
1.03557e+06,Syn_29,allocated,159,none
1.03557e+06,Syn_3,allocated,159,none
1.0356e+06,Syn_30,allocated,160,none
1.0356e+06,Syn_31,allocated,160,none
1.03886e+06,Syn_0,free,none,none
1.03886e+06,Syn_1,free,none,none
1.03886e+06,Syn_10,free,none,none
1.03886e+06,Syn_11,free,none,none
1.04698e+06,Syn_4,free,none,none
1.04698e+06,Syn_5,free,none,none
1.04698e+06,Syn_6,free,none,none
1.04698e+06,Syn_7,free,none,none
1.04698e+06,Syn_0,allocated,161,none
1.04698e+06,Syn_1,allocated,161,none
1.04698e+06,Syn_10,allocated,161,none
1.04698e+06,Syn_11,allocated,161,none
1.04698e+06,Syn_4,allocated,161,none
1.04698e+06,Syn_5,allocated,161,none
1.04698e+06,Syn_6,allocated,161,none
1.04698e+06,Syn_7,allocated,161,none
1.05014e+06,Syn_30,free,none,none
1.05014e+06,Syn_31,free,none,none
1.05369e+06,Syn_14,free,none,none
1.05369e+06,Syn_15,free,none,none
1.05369e+06,Syn_16,free,none,none
1.05369e+06,Syn_17,free,none,none
1.05369e+06,Syn_20,free,none,none
1.05369e+06,Syn_21,free,none,none
1.05369e+06,Syn_25,free,none,none
1.05369e+06,Syn_26,free,none,none
1.05369e+06,Syn_14,allocated,162,none
1.05369e+06,Syn_15,allocated,162,none
1.05369e+06,Syn_16,allocated,162,none
1.05369e+06,Syn_17,allocated,162,none
1.05369e+06,Syn_20,allocated,162,none
1.05369e+06,Syn_21,allocated,162,none
1.05369e+06,Syn_25,allocated,162,none
1.05369e+06,Syn_26,allocated,162,none
1.05372e+06,Syn_30,allocated,163,none
1.05382e+06,Syn_30,free,none,none
1.05417e+06,Syn_12,free,none,none
1.05417e+06,Syn_13,free,none,none
1.05417e+06,Syn_22,free,none,none
1.05417e+06,Syn_23,free,none,none
1.05417e+06,Syn_12,allocated,164,none
1.05417e+06,Syn_13,allocated,164,none
1.05417e+06,Syn_22,allocated,164,none
1.05417e+06,Syn_23,allocated,164,none
1.05417e+06,Syn_30,allocated,164,none
1.05417e+06,Syn_31,allocated,164,none
1.05417e+06,Syn_8,allocated,164,none
1.05417e+06,Syn_9,allocated,164,none
1.07202e+06,Syn_18,free,none,none
1.07202e+06,Syn_19,free,none,none
1.07202e+06,Syn_2,free,none,none
1.07202e+06,Syn_24,free,none,none
1.07202e+06,Syn_27,free,none,none
1.07202e+06,Syn_28,free,none,none
1.07202e+06,Syn_29,free,none,none
1.07202e+06,Syn_3,free,none,none
1.07202e+06,Syn_18,allocated,165,none
1.07202e+06,Syn_19,allocated,165,none
1.07202e+06,Syn_2,allocated,165,none
1.07202e+06,Syn_24,allocated,165,none
1.07202e+06,Syn_27,allocated,165,none
1.07202e+06,Syn_28,allocated,165,none
1.07202e+06,Syn_29,allocated,165,none
1.07202e+06,Syn_3,allocated,165,none
1.08473e+06,Syn_0,free,none,none
1.08473e+06,Syn_1,free,none,none
1.08473e+06,Syn_10,free,none,none
1.08473e+06,Syn_11,free,none,none
1.08473e+06,Syn_4,free,none,none
1.08473e+06,Syn_5,free,none,none
1.08473e+06,Syn_6,free,none,none
1.08473e+06,Syn_7,free,none,none
1.08473e+06,Syn_0,allocated,166,none
1.08473e+06,Syn_1,allocated,166,none
1.08473e+06,Syn_10,allocated,166,none
1.08473e+06,Syn_11,allocated,166,none
1.08473e+06,Syn_4,allocated,166,none
1.08473e+06,Syn_5,allocated,166,none
1.08473e+06,Syn_6,allocated,166,none
1.08473e+06,Syn_7,allocated,166,none
1.08887e+06,Syn_12,free,none,none
1.08887e+06,Syn_13,free,none,none
1.08887e+06,Syn_22,free,none,none
1.08887e+06,Syn_23,free,none,none
1.08887e+06,Syn_30,free,none,none
1.08887e+06,Syn_31,free,none,none
1.08887e+06,Syn_8,free,none,none
1.08887e+06,Syn_9,free,none,none
1.08887e+06,Syn_12,allocated,167,none
1.08897e+06,Syn_12,free,none,none
1.08897e+06,Syn_12,allocated,168,none
1.08897e+06,Syn_13,allocated,168,none
1.08897e+06,Syn_22,allocated,168,none
1.08897e+06,Syn_23,allocated,168,none
1.08897e+06,Syn_30,allocated,168,none
1.08897e+06,Syn_31,allocated,168,none
1.08897e+06,Syn_8,allocated,168,none
1.08897e+06,Syn_9,allocated,168,none
1.09091e+06,Syn_14,free,none,none
1.09091e+06,Syn_15,free,none,none
1.09091e+06,Syn_16,free,none,none
1.09091e+06,Syn_17,free,none,none
1.09091e+06,Syn_20,free,none,none
1.09091e+06,Syn_21,free,none,none
1.09091e+06,Syn_25,free,none,none
1.09091e+06,Syn_26,free,none,none
1.09091e+06,Syn_14,allocated,169,none
1.09091e+06,Syn_15,allocated,169,none
1.09091e+06,Syn_16,allocated,169,none
1.09091e+06,Syn_17,allocated,169,none
1.09091e+06,Syn_20,allocated,169,none
1.09091e+06,Syn_21,allocated,169,none
1.09091e+06,Syn_25,allocated,169,none
1.09091e+06,Syn_26,allocated,169,none
1.10783e+06,Syn_18,free,none,none
1.10783e+06,Syn_19,free,none,none
1.10783e+06,Syn_2,free,none,none
1.10783e+06,Syn_24,free,none,none
1.10783e+06,Syn_27,free,none,none
1.10783e+06,Syn_28,free,none,none
1.10783e+06,Syn_29,free,none,none
1.10783e+06,Syn_3,free,none,none
1.10783e+06,Syn_18,allocated,170,none
1.10783e+06,Syn_19,allocated,170,none
1.10783e+06,Syn_2,allocated,170,none
1.10783e+06,Syn_24,allocated,170,none
1.10783e+06,Syn_27,allocated,170,none
1.10783e+06,Syn_28,allocated,170,none
1.10783e+06,Syn_29,allocated,170,none
1.10783e+06,Syn_3,allocated,170,none
1.12187e+06,Syn_0,free,none,none
1.12187e+06,Syn_1,free,none,none
1.12187e+06,Syn_10,free,none,none
1.12187e+06,Syn_11,free,none,none
1.12187e+06,Syn_4,free,none,none
1.12187e+06,Syn_5,free,none,none
1.12187e+06,Syn_6,free,none,none
1.12187e+06,Syn_7,free,none,none
1.12187e+06,Syn_0,allocated,171,none
1.12451e+06,Syn_0,free,none,none
1.12451e+06,Syn_0,allocated,172,none
1.12451e+06,Syn_1,allocated,172,none
1.12451e+06,Syn_10,allocated,172,none
1.12451e+06,Syn_11,allocated,172,none
1.12451e+06,Syn_4,allocated,172,none
1.12451e+06,Syn_5,allocated,172,none
1.12451e+06,Syn_6,allocated,172,none
1.12451e+06,Syn_7,allocated,172,none
1.12688e+06,Syn_14,free,none,none
1.12688e+06,Syn_15,free,none,none
1.12688e+06,Syn_16,free,none,none
1.12688e+06,Syn_17,free,none,none
1.12688e+06,Syn_20,free,none,none
1.12688e+06,Syn_21,free,none,none
1.12688e+06,Syn_25,free,none,none
1.12688e+06,Syn_26,free,none,none
1.12688e+06,Syn_14,allocated,173,none
1.12688e+06,Syn_15,allocated,173,none
1.12688e+06,Syn_16,allocated,173,none
1.12688e+06,Syn_17,allocated,173,none
1.12688e+06,Syn_20,allocated,173,none
1.12688e+06,Syn_21,allocated,173,none
1.12688e+06,Syn_25,allocated,173,none
1.12688e+06,Syn_26,allocated,173,none
1.12688e+06,Syn_12,free,none,none
1.12688e+06,Syn_13,free,none,none
1.12688e+06,Syn_22,free,none,none
1.12688e+06,Syn_23,free,none,none
1.12688e+06,Syn_30,free,none,none
1.12688e+06,Syn_31,free,none,none
1.12688e+06,Syn_8,free,none,none
1.12688e+06,Syn_9,free,none,none
1.12688e+06,Syn_12,allocated,174,none
1.12688e+06,Syn_13,allocated,174,none
1.12688e+06,Syn_22,allocated,174,none
1.12688e+06,Syn_23,allocated,174,none
1.14421e+06,Syn_18,free,none,none
1.14421e+06,Syn_19,free,none,none
1.14421e+06,Syn_2,free,none,none
1.14421e+06,Syn_24,free,none,none
1.14421e+06,Syn_27,free,none,none
1.14421e+06,Syn_28,free,none,none
1.14421e+06,Syn_29,free,none,none
1.14421e+06,Syn_3,free,none,none
1.14421e+06,Syn_18,allocated,175,none
1.14421e+06,Syn_19,allocated,175,none
1.14421e+06,Syn_2,allocated,175,none
1.14421e+06,Syn_24,allocated,175,none
1.14421e+06,Syn_27,allocated,175,none
1.14421e+06,Syn_28,allocated,175,none
1.14421e+06,Syn_29,allocated,175,none
1.14421e+06,Syn_3,allocated,175,none
1.14426e+06,Syn_30,allocated,176,none
1.14744e+06,Syn_30,free,none,none
1.15644e+06,Syn_12,free,none,none
1.15644e+06,Syn_13,free,none,none
1.15644e+06,Syn_22,free,none,none
1.15644e+06,Syn_23,free,none,none
1.15644e+06,Syn_12,allocated,177,none
1.15644e+06,Syn_13,allocated,177,none
1.15644e+06,Syn_22,allocated,177,none
1.15644e+06,Syn_23,allocated,177,none
1.15644e+06,Syn_30,allocated,177,none
1.15644e+06,Syn_31,allocated,177,none
1.15644e+06,Syn_8,allocated,177,none
1.15644e+06,Syn_9,allocated,177,none
1.16146e+06,Syn_0,free,none,none
1.16146e+06,Syn_1,free,none,none
1.16146e+06,Syn_10,free,none,none
1.16146e+06,Syn_11,free,none,none
1.16146e+06,Syn_4,free,none,none
1.16146e+06,Syn_5,free,none,none
1.16146e+06,Syn_6,free,none,none
1.16146e+06,Syn_7,free,none,none
1.16146e+06,Syn_0,allocated,178,none
1.16146e+06,Syn_1,allocated,178,none
1.16146e+06,Syn_10,allocated,178,none
1.16146e+06,Syn_11,allocated,178,none
1.16146e+06,Syn_4,allocated,178,none
1.16146e+06,Syn_5,allocated,178,none
1.16146e+06,Syn_6,allocated,178,none
1.16146e+06,Syn_7,allocated,178,none
1.16287e+06,Syn_14,free,none,none
1.16287e+06,Syn_15,free,none,none
1.16287e+06,Syn_16,free,none,none
1.16287e+06,Syn_17,free,none,none
1.16287e+06,Syn_20,free,none,none
1.16287e+06,Syn_21,free,none,none
1.16287e+06,Syn_25,free,none,none
1.16287e+06,Syn_26,free,none,none
1.16287e+06,Syn_14,allocated,179,none
1.16287e+06,Syn_15,allocated,179,none
1.16287e+06,Syn_16,allocated,179,none
1.16287e+06,Syn_17,allocated,179,none
1.16292e+06,Syn_20,allocated,180,none
1.16292e+06,Syn_21,allocated,180,none
1.18229e+06,Syn_18,free,none,none
1.18229e+06,Syn_19,free,none,none
1.18229e+06,Syn_2,free,none,none
1.18229e+06,Syn_24,free,none,none
1.18229e+06,Syn_27,free,none,none
1.18229e+06,Syn_28,free,none,none
1.18229e+06,Syn_29,free,none,none
1.18229e+06,Syn_3,free,none,none
1.18229e+06,Syn_18,allocated,181,none
1.18229e+06,Syn_19,allocated,181,none
1.18229e+06,Syn_2,allocated,181,none
1.18229e+06,Syn_24,allocated,181,none
1.18229e+06,Syn_25,allocated,181,none
1.18229e+06,Syn_26,allocated,181,none
1.18229e+06,Syn_27,allocated,181,none
1.18229e+06,Syn_28,allocated,181,none
1.185e+06,Syn_20,free,none,none
1.185e+06,Syn_21,free,none,none
1.18968e+06,Syn_14,free,none,none
1.18968e+06,Syn_15,free,none,none
1.18968e+06,Syn_16,free,none,none
1.18968e+06,Syn_17,free,none,none
1.18968e+06,Syn_14,allocated,182,none
1.18968e+06,Syn_15,allocated,182,none
1.18968e+06,Syn_16,allocated,182,none
1.18968e+06,Syn_17,allocated,182,none
1.18968e+06,Syn_20,allocated,182,none
1.18968e+06,Syn_21,allocated,182,none
1.18968e+06,Syn_29,allocated,182,none
1.18968e+06,Syn_3,allocated,182,none
1.19354e+06,Syn_12,free,none,none
1.19354e+06,Syn_13,free,none,none
1.19354e+06,Syn_22,free,none,none
1.19354e+06,Syn_23,free,none,none
1.19354e+06,Syn_30,free,none,none
1.19354e+06,Syn_31,free,none,none
1.19354e+06,Syn_8,free,none,none
1.19354e+06,Syn_9,free,none,none
1.19354e+06,Syn_12,allocated,183,none
1.19354e+06,Syn_13,allocated,183,none
1.19354e+06,Syn_22,allocated,183,none
1.19354e+06,Syn_23,allocated,183,none
1.19804e+06,Syn_0,free,none,none
1.19804e+06,Syn_1,free,none,none
1.19804e+06,Syn_10,free,none,none
1.19804e+06,Syn_11,free,none,none
1.19804e+06,Syn_4,free,none,none
1.19804e+06,Syn_5,free,none,none
1.19804e+06,Syn_6,free,none,none
1.19804e+06,Syn_7,free,none,none
1.19804e+06,Syn_0,allocated,184,none
1.19804e+06,Syn_1,allocated,184,none
1.19804e+06,Syn_10,allocated,184,none
1.19804e+06,Syn_11,allocated,184,none
1.19804e+06,Syn_30,allocated,184,none
1.19804e+06,Syn_31,allocated,184,none
1.19804e+06,Syn_4,allocated,184,none
1.19804e+06,Syn_5,allocated,184,none
1.21857e+06,Syn_18,free,none,none
1.21857e+06,Syn_19,free,none,none
1.21857e+06,Syn_2,free,none,none
1.21857e+06,Syn_24,free,none,none
1.21857e+06,Syn_25,free,none,none
1.21857e+06,Syn_26,free,none,none
1.21857e+06,Syn_27,free,none,none
1.21857e+06,Syn_28,free,none,none
1.21857e+06,Syn_18,allocated,185,none
1.21857e+06,Syn_19,allocated,185,none
1.21857e+06,Syn_2,allocated,185,none
1.21857e+06,Syn_24,allocated,185,none
1.21857e+06,Syn_25,allocated,185,none
1.21857e+06,Syn_26,allocated,185,none
1.21857e+06,Syn_27,allocated,185,none
1.21857e+06,Syn_28,allocated,185,none
1.2248e+06,Syn_12,free,none,none
1.2248e+06,Syn_13,free,none,none
1.2248e+06,Syn_22,free,none,none
1.2248e+06,Syn_23,free,none,none
1.2248e+06,Syn_12,allocated,186,none
1.2248e+06,Syn_13,allocated,186,none
1.2248e+06,Syn_22,allocated,186,none
1.2248e+06,Syn_23,allocated,186,none
1.2248e+06,Syn_6,allocated,186,none
1.2248e+06,Syn_7,allocated,186,none
1.2248e+06,Syn_8,allocated,186,none
1.2248e+06,Syn_9,allocated,186,none
1.22679e+06,Syn_14,free,none,none
1.22679e+06,Syn_15,free,none,none
1.22679e+06,Syn_16,free,none,none
1.22679e+06,Syn_17,free,none,none
1.22679e+06,Syn_20,free,none,none
1.22679e+06,Syn_21,free,none,none
1.22679e+06,Syn_29,free,none,none
1.22679e+06,Syn_3,free,none,none
1.22679e+06,Syn_14,allocated,187,none
1.22679e+06,Syn_15,allocated,187,none
1.22679e+06,Syn_16,allocated,187,none
1.22679e+06,Syn_17,allocated,187,none
1.22679e+06,Syn_20,allocated,187,none
1.22679e+06,Syn_21,allocated,187,none
1.22679e+06,Syn_29,allocated,187,none
1.22679e+06,Syn_3,allocated,187,none
1.23315e+06,Syn_0,free,none,none
1.23315e+06,Syn_1,free,none,none
1.23315e+06,Syn_10,free,none,none
1.23315e+06,Syn_11,free,none,none
1.23315e+06,Syn_30,free,none,none
1.23315e+06,Syn_31,free,none,none
1.23315e+06,Syn_4,free,none,none
1.23315e+06,Syn_5,free,none,none
1.23315e+06,Syn_0,allocated,188,none
1.23315e+06,Syn_1,allocated,188,none
1.23315e+06,Syn_10,allocated,188,none
1.23315e+06,Syn_11,allocated,188,none
1.23315e+06,Syn_30,allocated,188,none
1.23315e+06,Syn_31,allocated,188,none
1.23315e+06,Syn_4,allocated,188,none
1.23315e+06,Syn_5,allocated,188,none
1.25459e+06,Syn_18,free,none,none
1.25459e+06,Syn_19,free,none,none
1.25459e+06,Syn_2,free,none,none
1.25459e+06,Syn_24,free,none,none
1.25459e+06,Syn_25,free,none,none
1.25459e+06,Syn_26,free,none,none
1.25459e+06,Syn_27,free,none,none
1.25459e+06,Syn_28,free,none,none
1.25459e+06,Syn_18,allocated,189,none
1.25459e+06,Syn_19,allocated,189,none
1.25459e+06,Syn_2,allocated,189,none
1.25459e+06,Syn_24,allocated,189,none
1.2546e+06,Syn_25,allocated,190,none
1.2546e+06,Syn_26,allocated,190,none
1.2546e+06,Syn_27,allocated,190,none
1.2546e+06,Syn_28,allocated,190,none
1.26174e+06,Syn_12,free,none,none
1.26174e+06,Syn_13,free,none,none
1.26174e+06,Syn_22,free,none,none
1.26174e+06,Syn_23,free,none,none
1.26174e+06,Syn_6,free,none,none
1.26174e+06,Syn_7,free,none,none
1.26174e+06,Syn_8,free,none,none
1.26174e+06,Syn_9,free,none,none
1.26174e+06,Syn_12,allocated,191,none
1.26178e+06,Syn_13,allocated,192,none
1.26178e+06,Syn_22,allocated,192,none
1.26184e+06,Syn_12,free,none,none
1.26413e+06,Syn_14,free,none,none
1.26413e+06,Syn_15,free,none,none
1.26413e+06,Syn_16,free,none,none
1.26413e+06,Syn_17,free,none,none
1.26413e+06,Syn_20,free,none,none
1.26413e+06,Syn_21,free,none,none
1.26413e+06,Syn_29,free,none,none
1.26413e+06,Syn_3,free,none,none
1.26413e+06,Syn_12,allocated,193,none
1.26413e+06,Syn_14,allocated,193,none
1.26413e+06,Syn_15,allocated,193,none
1.26413e+06,Syn_16,allocated,193,none
1.26413e+06,Syn_17,allocated,193,none
1.26413e+06,Syn_20,allocated,193,none
1.26413e+06,Syn_21,allocated,193,none
1.26413e+06,Syn_23,allocated,193,none
1.27008e+06,Syn_0,free,none,none
1.27008e+06,Syn_1,free,none,none
1.27008e+06,Syn_10,free,none,none
1.27008e+06,Syn_11,free,none,none
1.27008e+06,Syn_30,free,none,none
1.27008e+06,Syn_31,free,none,none
1.27008e+06,Syn_4,free,none,none
1.27008e+06,Syn_5,free,none,none
1.27008e+06,Syn_0,allocated,194,none
1.27008e+06,Syn_1,allocated,194,none
1.27008e+06,Syn_10,allocated,194,none
1.27008e+06,Syn_11,allocated,194,none
1.27008e+06,Syn_29,allocated,194,none
1.27008e+06,Syn_3,allocated,194,none
1.27008e+06,Syn_30,allocated,194,none
1.27008e+06,Syn_31,allocated,194,none
1.28037e+06,Syn_13,free,none,none
1.28037e+06,Syn_22,free,none,none
1.28037e+06,Syn_13,allocated,195,none
1.28037e+06,Syn_22,allocated,195,none
1.28037e+06,Syn_4,allocated,195,none
1.28037e+06,Syn_5,allocated,195,none
1.28037e+06,Syn_6,allocated,195,none
1.28037e+06,Syn_7,allocated,195,none
1.28037e+06,Syn_8,allocated,195,none
1.28037e+06,Syn_9,allocated,195,none
1.28562e+06,Syn_25,free,none,none
1.28562e+06,Syn_26,free,none,none
1.28562e+06,Syn_27,free,none,none
1.28562e+06,Syn_28,free,none,none
1.28579e+06,Syn_18,free,none,none
1.28579e+06,Syn_19,free,none,none
1.28579e+06,Syn_2,free,none,none
1.28579e+06,Syn_24,free,none,none
1.28579e+06,Syn_18,allocated,196,none
1.28579e+06,Syn_19,allocated,196,none
1.28579e+06,Syn_2,allocated,196,none
1.28579e+06,Syn_24,allocated,196,none
1.28579e+06,Syn_25,allocated,196,none
1.28579e+06,Syn_26,allocated,196,none
1.28579e+06,Syn_27,allocated,196,none
1.28579e+06,Syn_28,allocated,196,none
1.30053e+06,Syn_12,free,none,none
1.30053e+06,Syn_14,free,none,none
1.30053e+06,Syn_15,free,none,none
1.30053e+06,Syn_16,free,none,none
1.30053e+06,Syn_17,free,none,none
1.30053e+06,Syn_20,free,none,none
1.30053e+06,Syn_21,free,none,none
1.30053e+06,Syn_23,free,none,none
1.30053e+06,Syn_12,allocated,197,none
1.30053e+06,Syn_14,allocated,197,none
1.30053e+06,Syn_15,allocated,197,none
1.30053e+06,Syn_16,allocated,197,none
1.30053e+06,Syn_17,allocated,197,none
1.30053e+06,Syn_20,allocated,197,none
1.30053e+06,Syn_21,allocated,197,none
1.30053e+06,Syn_23,allocated,197,none
1.30563e+06,Syn_0,free,none,none
1.30563e+06,Syn_1,free,none,none
1.30563e+06,Syn_10,free,none,none
1.30563e+06,Syn_11,free,none,none
1.30563e+06,Syn_29,free,none,none
1.30563e+06,Syn_3,free,none,none
1.30563e+06,Syn_30,free,none,none
1.30563e+06,Syn_31,free,none,none
1.30563e+06,Syn_0,allocated,198,none
1.30563e+06,Syn_1,allocated,198,none
1.30563e+06,Syn_10,allocated,198,none
1.30563e+06,Syn_11,allocated,198,none
1.30566e+06,Syn_29,allocated,199,none
1.30566e+06,Syn_3,allocated,199,none
1.30566e+06,Syn_30,allocated,199,none
1.30566e+06,Syn_31,allocated,199,none
1.31538e+06,Syn_13,free,none,none
1.31538e+06,Syn_22,free,none,none
1.31538e+06,Syn_4,free,none,none
1.31538e+06,Syn_5,free,none,none
1.31538e+06,Syn_6,free,none,none
1.31538e+06,Syn_7,free,none,none
1.31538e+06,Syn_8,free,none,none
1.31538e+06,Syn_9,free,none,none
1.31538e+06,Syn_13,allocated,200,none
1.31538e+06,Syn_22,allocated,200,none
1.32266e+06,Syn_18,free,none,none
1.32266e+06,Syn_19,free,none,none
1.32266e+06,Syn_2,free,none,none
1.32266e+06,Syn_24,free,none,none
1.32266e+06,Syn_25,free,none,none
1.32266e+06,Syn_26,free,none,none
1.32266e+06,Syn_27,free,none,none
1.32266e+06,Syn_28,free,none,none
1.32266e+06,Syn_18,allocated,201,none
1.32266e+06,Syn_19,allocated,201,none
1.32266e+06,Syn_2,allocated,201,none
1.32266e+06,Syn_24,allocated,201,none
1.32266e+06,Syn_25,allocated,201,none
1.32266e+06,Syn_26,allocated,201,none
1.32266e+06,Syn_27,allocated,201,none
1.32266e+06,Syn_28,allocated,201,none
1.32269e+06,Syn_4,allocated,202,none
1.32269e+06,Syn_5,allocated,202,none
1.32269e+06,Syn_6,allocated,202,none
1.32269e+06,Syn_7,allocated,202,none
1.33198e+06,Syn_13,free,none,none
1.33198e+06,Syn_22,free,none,none
1.33429e+06,Syn_0,free,none,none
1.33429e+06,Syn_1,free,none,none
1.33429e+06,Syn_10,free,none,none
1.33429e+06,Syn_11,free,none,none
1.33429e+06,Syn_0,allocated,203,none
1.33429e+06,Syn_1,allocated,203,none
1.33429e+06,Syn_10,allocated,203,none
1.33429e+06,Syn_11,allocated,203,none
1.33429e+06,Syn_13,allocated,203,none
1.33429e+06,Syn_22,allocated,203,none
1.33429e+06,Syn_8,allocated,203,none
1.33429e+06,Syn_9,allocated,203,none
1.3359e+06,Syn_29,free,none,none
1.3359e+06,Syn_3,free,none,none
1.3359e+06,Syn_30,free,none,none
1.3359e+06,Syn_31,free,none,none
1.3359e+06,Syn_29,allocated,204,none
1.3359e+06,Syn_3,allocated,204,none
1.3359e+06,Syn_30,allocated,204,none
1.3359e+06,Syn_31,allocated,204,none
1.33661e+06,Syn_12,free,none,none
1.33661e+06,Syn_14,free,none,none
1.33661e+06,Syn_15,free,none,none
1.33661e+06,Syn_16,free,none,none
1.33661e+06,Syn_17,free,none,none
1.33661e+06,Syn_20,free,none,none
1.33661e+06,Syn_21,free,none,none
1.33661e+06,Syn_23,free,none,none
1.33661e+06,Syn_12,allocated,205,none
1.33661e+06,Syn_14,allocated,205,none
1.33661e+06,Syn_15,allocated,205,none
1.33661e+06,Syn_16,allocated,205,none
1.33661e+06,Syn_17,allocated,205,none
1.33661e+06,Syn_20,allocated,205,none
1.33661e+06,Syn_21,allocated,205,none
1.33661e+06,Syn_23,allocated,205,none
1.35039e+06,Syn_4,free,none,none
1.35039e+06,Syn_5,free,none,none
1.35039e+06,Syn_6,free,none,none
1.35039e+06,Syn_7,free,none,none
1.35039e+06,Syn_4,allocated,206,none
1.35039e+06,Syn_5,allocated,206,none
1.35039e+06,Syn_6,allocated,206,none
1.35039e+06,Syn_7,allocated,206,none
1.35943e+06,Syn_18,free,none,none
1.35943e+06,Syn_19,free,none,none
1.35943e+06,Syn_2,free,none,none
1.35943e+06,Syn_24,free,none,none
1.35943e+06,Syn_25,free,none,none
1.35943e+06,Syn_26,free,none,none
1.35943e+06,Syn_27,free,none,none
1.35943e+06,Syn_28,free,none,none
1.35943e+06,Syn_18,allocated,207,none
1.35943e+06,Syn_19,allocated,207,none
1.35943e+06,Syn_2,allocated,207,none
1.35943e+06,Syn_24,allocated,207,none
1.35943e+06,Syn_25,allocated,207,none
1.35943e+06,Syn_26,allocated,207,none
1.35943e+06,Syn_27,allocated,207,none
1.35943e+06,Syn_28,allocated,207,none
1.36375e+06,Syn_29,free,none,none
1.36375e+06,Syn_3,free,none,none
1.36375e+06,Syn_30,free,none,none
1.36375e+06,Syn_31,free,none,none
1.37142e+06,Syn_0,free,none,none
1.37142e+06,Syn_1,free,none,none
1.37142e+06,Syn_10,free,none,none
1.37142e+06,Syn_11,free,none,none
1.37142e+06,Syn_13,free,none,none
1.37142e+06,Syn_22,free,none,none
1.37142e+06,Syn_8,free,none,none
1.37142e+06,Syn_9,free,none,none
1.37142e+06,Syn_0,allocated,208,none
1.37142e+06,Syn_1,allocated,208,none
1.37142e+06,Syn_10,allocated,208,none
1.37142e+06,Syn_11,allocated,208,none
1.37142e+06,Syn_13,allocated,208,none
1.37142e+06,Syn_22,allocated,208,none
1.37142e+06,Syn_29,allocated,208,none
1.37142e+06,Syn_3,allocated,208,none
1.37146e+06,Syn_30,allocated,209,none
1.37146e+06,Syn_31,allocated,209,none
1.37146e+06,Syn_8,allocated,209,none
1.37146e+06,Syn_9,allocated,209,none
1.37173e+06,Syn_12,free,none,none
1.37173e+06,Syn_14,free,none,none
1.37173e+06,Syn_15,free,none,none
1.37173e+06,Syn_16,free,none,none
1.37173e+06,Syn_17,free,none,none
1.37173e+06,Syn_20,free,none,none
1.37173e+06,Syn_21,free,none,none
1.37173e+06,Syn_23,free,none,none
1.37173e+06,Syn_12,allocated,210,none
1.37173e+06,Syn_14,allocated,210,none
1.37173e+06,Syn_15,allocated,210,none
1.37173e+06,Syn_16,allocated,210,none
1.37173e+06,Syn_17,allocated,210,none
1.37173e+06,Syn_20,allocated,210,none
1.37173e+06,Syn_21,allocated,210,none
1.37173e+06,Syn_23,allocated,210,none
1.37872e+06,Syn_4,free,none,none
1.37872e+06,Syn_5,free,none,none
1.37872e+06,Syn_6,free,none,none
1.37872e+06,Syn_7,free,none,none
1.37872e+06,Syn_4,allocated,211,none
1.37872e+06,Syn_5,allocated,211,none
1.37872e+06,Syn_6,allocated,211,none
1.37872e+06,Syn_7,allocated,211,none
1.39575e+06,Syn_18,free,none,none
1.39575e+06,Syn_19,free,none,none
1.39575e+06,Syn_2,free,none,none
1.39575e+06,Syn_24,free,none,none
1.39575e+06,Syn_25,free,none,none
1.39575e+06,Syn_26,free,none,none
1.39575e+06,Syn_27,free,none,none
1.39575e+06,Syn_28,free,none,none
1.39575e+06,Syn_18,allocated,212,none
1.39575e+06,Syn_19,allocated,212,none
1.39857e+06,Syn_30,free,none,none
1.39857e+06,Syn_31,free,none,none
1.39857e+06,Syn_8,free,none,none
1.39857e+06,Syn_9,free,none,none
1.39857e+06,Syn_2,allocated,213,none
1.39857e+06,Syn_24,allocated,213,none
1.39857e+06,Syn_25,allocated,213,none
1.39857e+06,Syn_26,allocated,213,none
1.39857e+06,Syn_27,allocated,213,none
1.39857e+06,Syn_28,allocated,213,none
1.39857e+06,Syn_30,allocated,213,none
1.39857e+06,Syn_31,allocated,213,none
1.40714e+06,Syn_4,free,none,none
1.40714e+06,Syn_5,free,none,none
1.40714e+06,Syn_6,free,none,none
1.40714e+06,Syn_7,free,none,none
1.40874e+06,Syn_12,free,none,none
1.40874e+06,Syn_14,free,none,none
1.40874e+06,Syn_15,free,none,none
1.40874e+06,Syn_16,free,none,none
1.40874e+06,Syn_17,free,none,none
1.40874e+06,Syn_20,free,none,none
1.40874e+06,Syn_21,free,none,none
1.40874e+06,Syn_23,free,none,none
1.40874e+06,Syn_12,allocated,214,none
1.40874e+06,Syn_14,allocated,214,none
1.40874e+06,Syn_15,allocated,214,none
1.40874e+06,Syn_16,allocated,214,none
1.40874e+06,Syn_17,allocated,214,none
1.40874e+06,Syn_20,allocated,214,none
1.40874e+06,Syn_21,allocated,214,none
1.40874e+06,Syn_23,allocated,214,none
1.40916e+06,Syn_0,free,none,none
1.40916e+06,Syn_1,free,none,none
1.40916e+06,Syn_10,free,none,none
1.40916e+06,Syn_11,free,none,none
1.40916e+06,Syn_13,free,none,none
1.40916e+06,Syn_22,free,none,none
1.40916e+06,Syn_29,free,none,none
1.40916e+06,Syn_3,free,none,none
1.40916e+06,Syn_0,allocated,215,none
1.40916e+06,Syn_1,allocated,215,none
1.40916e+06,Syn_10,allocated,215,none
1.40916e+06,Syn_11,allocated,215,none
1.40916e+06,Syn_13,allocated,215,none
1.40916e+06,Syn_22,allocated,215,none
1.40916e+06,Syn_29,allocated,215,none
1.40916e+06,Syn_3,allocated,215,none
1.40916e+06,Syn_4,allocated,216,none
1.40916e+06,Syn_5,allocated,216,none
1.40916e+06,Syn_6,allocated,216,none
1.40916e+06,Syn_7,allocated,216,none
1.41182e+06,Syn_18,free,none,none
1.41182e+06,Syn_19,free,none,none
1.41182e+06,Syn_18,allocated,217,none
1.41182e+06,Syn_19,allocated,217,none
1.41182e+06,Syn_8,allocated,217,none
1.41182e+06,Syn_9,allocated,217,none
1.43281e+06,Syn_2,free,none,none
1.43281e+06,Syn_24,free,none,none
1.43281e+06,Syn_25,free,none,none
1.43281e+06,Syn_26,free,none,none
1.43281e+06,Syn_27,free,none,none
1.43281e+06,Syn_28,free,none,none
1.43281e+06,Syn_30,free,none,none
1.43281e+06,Syn_31,free,none,none
1.43281e+06,Syn_2,allocated,218,none
1.43281e+06,Syn_24,allocated,218,none
1.43286e+06,Syn_25,allocated,219,none
1.43286e+06,Syn_26,allocated,219,none
1.43286e+06,Syn_27,allocated,219,none
1.43286e+06,Syn_28,allocated,219,none
1.43288e+06,Syn_30,allocated,220,none
1.43298e+06,Syn_30,free,none,none
1.43819e+06,Syn_4,free,none,none
1.43819e+06,Syn_5,free,none,none
1.43819e+06,Syn_6,free,none,none
1.43819e+06,Syn_7,free,none,none
1.44125e+06,Syn_18,free,none,none
1.44125e+06,Syn_19,free,none,none
1.44125e+06,Syn_8,free,none,none
1.44125e+06,Syn_9,free,none,none
1.44125e+06,Syn_18,allocated,221,none
1.44125e+06,Syn_19,allocated,221,none
1.44125e+06,Syn_30,allocated,221,none
1.44125e+06,Syn_31,allocated,221,none
1.44125e+06,Syn_4,allocated,221,none
1.44125e+06,Syn_5,allocated,221,none
1.44125e+06,Syn_6,allocated,221,none
1.44125e+06,Syn_7,allocated,221,none
1.44126e+06,Syn_8,allocated,222,none
1.44136e+06,Syn_8,free,none,none
1.44431e+06,Syn_12,free,none,none
1.44431e+06,Syn_14,free,none,none
1.44431e+06,Syn_15,free,none,none
1.44431e+06,Syn_16,free,none,none
1.44431e+06,Syn_17,free,none,none
1.44431e+06,Syn_20,free,none,none
1.44431e+06,Syn_21,free,none,none
1.44431e+06,Syn_23,free,none,none
1.44431e+06,Syn_12,allocated,223,none
1.44431e+06,Syn_14,allocated,223,none
1.44431e+06,Syn_15,allocated,223,none
1.44431e+06,Syn_16,allocated,223,none
1.44431e+06,Syn_17,allocated,223,none
1.44431e+06,Syn_20,allocated,223,none
1.44431e+06,Syn_21,allocated,223,none
1.44431e+06,Syn_23,allocated,223,none
1.44493e+06,Syn_0,free,none,none
1.44493e+06,Syn_1,free,none,none
1.44493e+06,Syn_10,free,none,none
1.44493e+06,Syn_11,free,none,none
1.44493e+06,Syn_13,free,none,none
1.44493e+06,Syn_22,free,none,none
1.44493e+06,Syn_29,free,none,none
1.44493e+06,Syn_3,free,none,none
1.44493e+06,Syn_0,allocated,224,none
1.44493e+06,Syn_1,allocated,224,none
1.44493e+06,Syn_10,allocated,224,none
1.44493e+06,Syn_11,allocated,224,none
1.45184e+06,Syn_2,free,none,none
1.45184e+06,Syn_24,free,none,none
1.45184e+06,Syn_13,allocated,225,none
1.45184e+06,Syn_2,allocated,225,none
1.45184e+06,Syn_22,allocated,225,none
1.45184e+06,Syn_24,allocated,225,none
1.45184e+06,Syn_29,allocated,225,none
1.45184e+06,Syn_3,allocated,225,none
1.45184e+06,Syn_8,allocated,225,none
1.45184e+06,Syn_9,allocated,225,none
1.46097e+06,Syn_25,free,none,none
1.46097e+06,Syn_26,free,none,none
1.46097e+06,Syn_27,free,none,none
1.46097e+06,Syn_28,free,none,none
1.47283e+06,Syn_0,free,none,none
1.47283e+06,Syn_1,free,none,none
1.47283e+06,Syn_10,free,none,none
1.47283e+06,Syn_11,free,none,none
1.47283e+06,Syn_0,allocated,226,none
1.47283e+06,Syn_1,allocated,226,none
1.47283e+06,Syn_10,allocated,226,none
1.47283e+06,Syn_11,allocated,226,none
1.47283e+06,Syn_25,allocated,226,none
1.47283e+06,Syn_26,allocated,226,none
1.47283e+06,Syn_27,allocated,226,none
1.47283e+06,Syn_28,allocated,226,none
1.47811e+06,Syn_18,free,none,none
1.47811e+06,Syn_19,free,none,none
1.47811e+06,Syn_30,free,none,none
1.47811e+06,Syn_31,free,none,none
1.47811e+06,Syn_4,free,none,none
1.47811e+06,Syn_5,free,none,none
1.47811e+06,Syn_6,free,none,none
1.47811e+06,Syn_7,free,none,none
1.47811e+06,Syn_18,allocated,227,none
1.47811e+06,Syn_19,allocated,227,none
1.47811e+06,Syn_30,allocated,227,none
1.47811e+06,Syn_31,allocated,227,none
1.47814e+06,Syn_4,allocated,228,none
1.48042e+06,Syn_12,free,none,none
1.48042e+06,Syn_14,free,none,none
1.48042e+06,Syn_15,free,none,none
1.48042e+06,Syn_16,free,none,none
1.48042e+06,Syn_17,free,none,none
1.48042e+06,Syn_20,free,none,none
1.48042e+06,Syn_21,free,none,none
1.48042e+06,Syn_23,free,none,none
1.48042e+06,Syn_12,allocated,229,none
1.48042e+06,Syn_14,allocated,229,none
1.48042e+06,Syn_15,allocated,229,none
1.48042e+06,Syn_16,allocated,229,none
1.48042e+06,Syn_17,allocated,229,none
1.48042e+06,Syn_20,allocated,229,none
1.48042e+06,Syn_21,allocated,229,none
1.48042e+06,Syn_23,allocated,229,none
1.48044e+06,Syn_5,allocated,230,none
1.48044e+06,Syn_6,allocated,230,none
1.48411e+06,Syn_4,free,none,none
1.48822e+06,Syn_13,free,none,none
1.48822e+06,Syn_2,free,none,none
1.48822e+06,Syn_22,free,none,none
1.48822e+06,Syn_24,free,none,none
1.48822e+06,Syn_29,free,none,none
1.48822e+06,Syn_3,free,none,none
1.48822e+06,Syn_8,free,none,none
1.48822e+06,Syn_9,free,none,none
1.48822e+06,Syn_13,allocated,231,none
1.48822e+06,Syn_2,allocated,231,none
1.48822e+06,Syn_22,allocated,231,none
1.48822e+06,Syn_24,allocated,231,none
1.48822e+06,Syn_29,allocated,231,none
1.48822e+06,Syn_3,allocated,231,none
1.48822e+06,Syn_4,allocated,231,none
1.48822e+06,Syn_7,allocated,231,none
1.50001e+06,Syn_5,free,none,none
1.50001e+06,Syn_6,free,none,none
1.50409e+06,Syn_18,free,none,none
1.50409e+06,Syn_19,free,none,none
1.50409e+06,Syn_30,free,none,none
1.50409e+06,Syn_31,free,none,none
1.50409e+06,Syn_18,allocated,232,none
1.50409e+06,Syn_19,allocated,232,none
1.50409e+06,Syn_30,allocated,232,none
1.50409e+06,Syn_31,allocated,232,none
1.50409e+06,Syn_5,allocated,232,none
1.50409e+06,Syn_6,allocated,232,none
1.50409e+06,Syn_8,allocated,232,none
1.50409e+06,Syn_9,allocated,232,none
1.51031e+06,Syn_0,free,none,none
1.51031e+06,Syn_1,free,none,none
1.51031e+06,Syn_10,free,none,none
1.51031e+06,Syn_11,free,none,none
1.51031e+06,Syn_25,free,none,none
1.51031e+06,Syn_26,free,none,none
1.51031e+06,Syn_27,free,none,none
1.51031e+06,Syn_28,free,none,none
1.51031e+06,Syn_0,allocated,233,none
1.51031e+06,Syn_1,allocated,233,none
1.51591e+06,Syn_12,free,none,none
1.51591e+06,Syn_14,free,none,none
1.51591e+06,Syn_15,free,none,none
1.51591e+06,Syn_16,free,none,none
1.51591e+06,Syn_17,free,none,none
1.51591e+06,Syn_20,free,none,none
1.51591e+06,Syn_21,free,none,none
1.51591e+06,Syn_23,free,none,none
1.51591e+06,Syn_10,allocated,234,none
1.51591e+06,Syn_11,allocated,234,none
1.51591e+06,Syn_12,allocated,234,none
1.51591e+06,Syn_14,allocated,234,none
1.51591e+06,Syn_15,allocated,234,none
1.51591e+06,Syn_16,allocated,234,none
1.51591e+06,Syn_17,allocated,234,none
1.51591e+06,Syn_20,allocated,234,none
1.52419e+06,Syn_13,free,none,none
1.52419e+06,Syn_2,free,none,none
1.52419e+06,Syn_22,free,none,none
1.52419e+06,Syn_24,free,none,none
1.52419e+06,Syn_29,free,none,none
1.52419e+06,Syn_3,free,none,none
1.52419e+06,Syn_4,free,none,none
1.52419e+06,Syn_7,free,none,none
1.52419e+06,Syn_13,allocated,235,none
1.52419e+06,Syn_2,allocated,235,none
1.52419e+06,Syn_21,allocated,235,none
1.52419e+06,Syn_22,allocated,235,none
1.52419e+06,Syn_23,allocated,235,none
1.52419e+06,Syn_24,allocated,235,none
1.52419e+06,Syn_25,allocated,235,none
1.52419e+06,Syn_26,allocated,235,none
1.52424e+06,Syn_27,allocated,236,none
1.52639e+06,Syn_27,free,none,none
1.52802e+06,Syn_0,free,none,none
1.52802e+06,Syn_1,free,none,none
1.52802e+06,Syn_0,allocated,237,none
1.52802e+06,Syn_1,allocated,237,none
1.52802e+06,Syn_27,allocated,237,none
1.52802e+06,Syn_28,allocated,237,none
1.52802e+06,Syn_29,allocated,237,none
1.52802e+06,Syn_3,allocated,237,none
1.52802e+06,Syn_4,allocated,237,none
1.52802e+06,Syn_7,allocated,237,none
1.53971e+06,Syn_18,free,none,none
1.53971e+06,Syn_19,free,none,none
1.53971e+06,Syn_30,free,none,none
1.53971e+06,Syn_31,free,none,none
1.53971e+06,Syn_5,free,none,none
1.53971e+06,Syn_6,free,none,none
1.53971e+06,Syn_8,free,none,none
1.53971e+06,Syn_9,free,none,none
1.53971e+06,Syn_18,allocated,238,none
1.53971e+06,Syn_19,allocated,238,none
1.53971e+06,Syn_30,allocated,238,none
1.53971e+06,Syn_31,allocated,238,none
1.53972e+06,Syn_5,allocated,239,none
1.53972e+06,Syn_6,allocated,239,none
1.53972e+06,Syn_8,allocated,239,none
1.53972e+06,Syn_9,allocated,239,none
1.55222e+06,Syn_10,free,none,none
1.55222e+06,Syn_11,free,none,none
1.55222e+06,Syn_12,free,none,none
1.55222e+06,Syn_14,free,none,none
1.55222e+06,Syn_15,free,none,none
1.55222e+06,Syn_16,free,none,none
1.55222e+06,Syn_17,free,none,none
1.55222e+06,Syn_20,free,none,none
1.55222e+06,Syn_10,allocated,240,none
1.55222e+06,Syn_11,allocated,240,none
1.55222e+06,Syn_12,allocated,240,none
1.55222e+06,Syn_14,allocated,240,none
1.56152e+06,Syn_13,free,none,none
1.56152e+06,Syn_2,free,none,none
1.56152e+06,Syn_21,free,none,none
1.56152e+06,Syn_22,free,none,none
1.56152e+06,Syn_23,free,none,none
1.56152e+06,Syn_24,free,none,none
1.56152e+06,Syn_25,free,none,none
1.56152e+06,Syn_26,free,none,none
1.56152e+06,Syn_13,allocated,241,none
1.56152e+06,Syn_15,allocated,241,none
1.56152e+06,Syn_16,allocated,241,none
1.56152e+06,Syn_17,allocated,241,none
1.56152e+06,Syn_2,allocated,241,none
1.56152e+06,Syn_20,allocated,241,none
1.56152e+06,Syn_21,allocated,241,none
1.56152e+06,Syn_22,allocated,241,none
1.56154e+06,Syn_23,allocated,242,none
1.56154e+06,Syn_24,allocated,242,none
1.56154e+06,Syn_25,allocated,242,none
1.56154e+06,Syn_26,allocated,242,none
1.56498e+06,Syn_0,free,none,none
1.56498e+06,Syn_1,free,none,none
1.56498e+06,Syn_27,free,none,none
1.56498e+06,Syn_28,free,none,none
1.56498e+06,Syn_29,free,none,none
1.56498e+06,Syn_3,free,none,none
1.56498e+06,Syn_4,free,none,none
1.56498e+06,Syn_7,free,none,none
1.56498e+06,Syn_0,allocated,243,none
1.56498e+06,Syn_1,allocated,243,none
1.56498e+06,Syn_27,allocated,243,none
1.56498e+06,Syn_28,allocated,243,none
1.56557e+06,Syn_18,free,none,none
1.56557e+06,Syn_19,free,none,none
1.56557e+06,Syn_30,free,none,none
1.56557e+06,Syn_31,free,none,none
1.56557e+06,Syn_18,allocated,244,none
1.56557e+06,Syn_19,allocated,244,none
1.56557e+06,Syn_29,allocated,244,none
1.56557e+06,Syn_3,allocated,244,none
1.56557e+06,Syn_30,allocated,244,none
1.56557e+06,Syn_31,allocated,244,none
1.56557e+06,Syn_4,allocated,244,none
1.56557e+06,Syn_7,allocated,244,none
1.56775e+06,Syn_5,free,none,none
1.56775e+06,Syn_6,free,none,none
1.56775e+06,Syn_8,free,none,none
1.56775e+06,Syn_9,free,none,none
1.58121e+06,Syn_10,free,none,none
1.58121e+06,Syn_11,free,none,none
1.58121e+06,Syn_12,free,none,none
1.58121e+06,Syn_14,free,none,none
1.58121e+06,Syn_10,allocated,245,none
1.58121e+06,Syn_11,allocated,245,none
1.58121e+06,Syn_12,allocated,245,none
1.58121e+06,Syn_14,allocated,245,none
1.58121e+06,Syn_5,allocated,245,none
1.58121e+06,Syn_6,allocated,245,none
1.58121e+06,Syn_8,allocated,245,none
1.58121e+06,Syn_9,allocated,245,none
1.58929e+06,Syn_23,free,none,none
1.58929e+06,Syn_24,free,none,none
1.58929e+06,Syn_25,free,none,none
1.58929e+06,Syn_26,free,none,none
1.58929e+06,Syn_23,allocated,246,none
1.58929e+06,Syn_24,allocated,246,none
1.59384e+06,Syn_0,free,none,none
1.59384e+06,Syn_1,free,none,none
1.59384e+06,Syn_27,free,none,none
1.59384e+06,Syn_28,free,none,none
1.59849e+06,Syn_13,free,none,none
1.59849e+06,Syn_15,free,none,none
1.59849e+06,Syn_16,free,none,none
1.59849e+06,Syn_17,free,none,none
1.59849e+06,Syn_2,free,none,none
1.59849e+06,Syn_20,free,none,none
1.59849e+06,Syn_21,free,none,none
1.59849e+06,Syn_22,free,none,none
1.59849e+06,Syn_0,allocated,247,none
1.59849e+06,Syn_1,allocated,247,none
1.59849e+06,Syn_13,allocated,247,none
1.59849e+06,Syn_15,allocated,247,none
1.59849e+06,Syn_16,allocated,247,none
1.59849e+06,Syn_17,allocated,247,none
1.59849e+06,Syn_2,allocated,247,none
1.59849e+06,Syn_20,allocated,247,none
1.60248e+06,Syn_18,free,none,none
1.60248e+06,Syn_19,free,none,none
1.60248e+06,Syn_29,free,none,none
1.60248e+06,Syn_3,free,none,none
1.60248e+06,Syn_30,free,none,none
1.60248e+06,Syn_31,free,none,none
1.60248e+06,Syn_4,free,none,none
1.60248e+06,Syn_7,free,none,none
1.60248e+06,Syn_18,allocated,248,none
1.60248e+06,Syn_19,allocated,248,none
1.60248e+06,Syn_21,allocated,248,none
1.60248e+06,Syn_22,allocated,248,none
1.60248e+06,Syn_25,allocated,248,none
1.60248e+06,Syn_26,allocated,248,none
1.60248e+06,Syn_27,allocated,248,none
1.60248e+06,Syn_28,allocated,248,none
1.60248e+06,Syn_29,allocated,249,none
1.60248e+06,Syn_3,allocated,249,none
1.60248e+06,Syn_30,allocated,249,none
1.60248e+06,Syn_31,allocated,249,none
1.61346e+06,Syn_23,free,none,none
1.61346e+06,Syn_24,free,none,none
1.61346e+06,Syn_23,allocated,250,none
1.61346e+06,Syn_24,allocated,250,none
1.61346e+06,Syn_4,allocated,250,none
1.61346e+06,Syn_7,allocated,250,none
1.61724e+06,Syn_10,free,none,none
1.61724e+06,Syn_11,free,none,none
1.61724e+06,Syn_12,free,none,none
1.61724e+06,Syn_14,free,none,none
1.61724e+06,Syn_5,free,none,none
1.61724e+06,Syn_6,free,none,none
1.61724e+06,Syn_8,free,none,none
1.61724e+06,Syn_9,free,none,none
1.61724e+06,Syn_10,allocated,251,none
1.61724e+06,Syn_11,allocated,251,none
1.61724e+06,Syn_12,allocated,251,none
1.61724e+06,Syn_14,allocated,251,none
1.63173e+06,Syn_29,free,none,none
1.63173e+06,Syn_3,free,none,none
1.63173e+06,Syn_30,free,none,none
1.63173e+06,Syn_31,free,none,none
1.63173e+06,Syn_29,allocated,252,none
1.63173e+06,Syn_3,allocated,252,none
1.63173e+06,Syn_30,allocated,252,none
1.63173e+06,Syn_31,allocated,252,none
1.63173e+06,Syn_5,allocated,252,none
1.63173e+06,Syn_6,allocated,252,none
1.63173e+06,Syn_8,allocated,252,none
1.63173e+06,Syn_9,allocated,252,none
1.63489e+06,Syn_0,free,none,none
1.63489e+06,Syn_1,free,none,none
1.63489e+06,Syn_13,free,none,none
1.63489e+06,Syn_15,free,none,none
1.63489e+06,Syn_16,free,none,none
1.63489e+06,Syn_17,free,none,none
1.63489e+06,Syn_2,free,none,none
1.63489e+06,Syn_20,free,none,none
1.63489e+06,Syn_0,allocated,253,none
1.63489e+06,Syn_1,allocated,253,none
1.63489e+06,Syn_13,allocated,253,none
1.63489e+06,Syn_15,allocated,253,none
1.63489e+06,Syn_16,allocated,253,none
1.63489e+06,Syn_17,allocated,253,none
1.63489e+06,Syn_2,allocated,253,none
1.63489e+06,Syn_20,allocated,253,none
1.63788e+06,Syn_18,free,none,none
1.63788e+06,Syn_19,free,none,none
1.63788e+06,Syn_21,free,none,none
1.63788e+06,Syn_22,free,none,none
1.63788e+06,Syn_25,free,none,none
1.63788e+06,Syn_26,free,none,none
1.63788e+06,Syn_27,free,none,none
1.63788e+06,Syn_28,free,none,none
1.63788e+06,Syn_18,allocated,254,none
1.63788e+06,Syn_19,allocated,254,none
1.63788e+06,Syn_21,allocated,254,none
1.63788e+06,Syn_22,allocated,254,none
1.63788e+06,Syn_25,allocated,254,none
1.63788e+06,Syn_26,allocated,254,none
1.63788e+06,Syn_27,allocated,254,none
1.63788e+06,Syn_28,allocated,254,none
1.64031e+06,Syn_23,free,none,none
1.64031e+06,Syn_24,free,none,none
1.64031e+06,Syn_4,free,none,none
1.64031e+06,Syn_7,free,none,none
1.64031e+06,Syn_23,allocated,255,none
1.64031e+06,Syn_24,allocated,255,none
1.64031e+06,Syn_4,allocated,255,none
1.64031e+06,Syn_7,allocated,255,none
1.64757e+06,Syn_10,free,none,none
1.64757e+06,Syn_11,free,none,none
1.64757e+06,Syn_12,free,none,none
1.64757e+06,Syn_14,free,none,none
1.66862e+06,Syn_29,free,none,none
1.66862e+06,Syn_3,free,none,none
1.66862e+06,Syn_30,free,none,none
1.66862e+06,Syn_31,free,none,none
1.66862e+06,Syn_5,free,none,none
1.66862e+06,Syn_6,free,none,none
1.66862e+06,Syn_8,free,none,none
1.66862e+06,Syn_9,free,none,none
1.66862e+06,Syn_10,allocated,256,none
1.66862e+06,Syn_11,allocated,256,none
1.66862e+06,Syn_12,allocated,256,none
1.66862e+06,Syn_14,allocated,256,none
1.66862e+06,Syn_29,allocated,256,none
1.66862e+06,Syn_3,allocated,256,none
1.66862e+06,Syn_30,allocated,256,none
1.66862e+06,Syn_31,allocated,256,none
1.67048e+06,Syn_23,free,none,none
1.67048e+06,Syn_24,free,none,none
1.67048e+06,Syn_4,free,none,none
1.67048e+06,Syn_7,free,none,none
1.67048e+06,Syn_23,allocated,257,none
1.67048e+06,Syn_24,allocated,257,none
1.67048e+06,Syn_4,allocated,257,none
1.67048e+06,Syn_5,allocated,257,none
1.67048e+06,Syn_6,allocated,257,none
1.67048e+06,Syn_7,allocated,257,none
1.67048e+06,Syn_8,allocated,257,none
1.67048e+06,Syn_9,allocated,257,none
1.67185e+06,Syn_0,free,none,none
1.67185e+06,Syn_1,free,none,none
1.67185e+06,Syn_13,free,none,none
1.67185e+06,Syn_15,free,none,none
1.67185e+06,Syn_16,free,none,none
1.67185e+06,Syn_17,free,none,none
1.67185e+06,Syn_2,free,none,none
1.67185e+06,Syn_20,free,none,none
1.67185e+06,Syn_0,allocated,258,none
1.67185e+06,Syn_1,allocated,258,none
1.67185e+06,Syn_13,allocated,258,none
1.67185e+06,Syn_15,allocated,258,none
1.67185e+06,Syn_16,allocated,258,none
1.67185e+06,Syn_17,allocated,258,none
1.67185e+06,Syn_2,allocated,258,none
1.67185e+06,Syn_20,allocated,258,none
1.67384e+06,Syn_18,free,none,none
1.67384e+06,Syn_19,free,none,none
1.67384e+06,Syn_21,free,none,none
1.67384e+06,Syn_22,free,none,none
1.67384e+06,Syn_25,free,none,none
1.67384e+06,Syn_26,free,none,none
1.67384e+06,Syn_27,free,none,none
1.67384e+06,Syn_28,free,none,none
1.67384e+06,Syn_18,allocated,259,none
1.67384e+06,Syn_19,allocated,259,none
1.67384e+06,Syn_21,allocated,259,none
1.67384e+06,Syn_22,allocated,259,none
1.67384e+06,Syn_25,allocated,259,none
1.67384e+06,Syn_26,allocated,259,none
1.67384e+06,Syn_27,allocated,259,none
1.67384e+06,Syn_28,allocated,259,none
1.70448e+06,Syn_10,free,none,none
1.70448e+06,Syn_11,free,none,none
1.70448e+06,Syn_12,free,none,none
1.70448e+06,Syn_14,free,none,none
1.70448e+06,Syn_29,free,none,none
1.70448e+06,Syn_3,free,none,none
1.70448e+06,Syn_30,free,none,none
1.70448e+06,Syn_31,free,none,none
1.70448e+06,Syn_10,allocated,260,none
1.70448e+06,Syn_11,allocated,260,none
1.70448e+06,Syn_12,allocated,260,none
1.70448e+06,Syn_14,allocated,260,none
1.70448e+06,Syn_29,allocated,261,none
1.70448e+06,Syn_3,allocated,261,none
1.70765e+06,Syn_23,free,none,none
1.70765e+06,Syn_24,free,none,none
1.70765e+06,Syn_4,free,none,none
1.70765e+06,Syn_5,free,none,none
1.70765e+06,Syn_6,free,none,none
1.70765e+06,Syn_7,free,none,none
1.70765e+06,Syn_8,free,none,none
1.70765e+06,Syn_9,free,none,none
1.70765e+06,Syn_23,allocated,262,none
1.70765e+06,Syn_24,allocated,262,none
1.70765e+06,Syn_30,allocated,262,none
1.70765e+06,Syn_31,allocated,262,none
1.70765e+06,Syn_4,allocated,262,none
1.70765e+06,Syn_5,allocated,262,none
1.70765e+06,Syn_6,allocated,262,none
1.70765e+06,Syn_7,allocated,262,none
1.70782e+06,Syn_0,free,none,none
1.70782e+06,Syn_1,free,none,none
1.70782e+06,Syn_13,free,none,none
1.70782e+06,Syn_15,free,none,none
1.70782e+06,Syn_16,free,none,none
1.70782e+06,Syn_17,free,none,none
1.70782e+06,Syn_2,free,none,none
1.70782e+06,Syn_20,free,none,none
1.70782e+06,Syn_0,allocated,263,none
1.70782e+06,Syn_1,allocated,263,none
1.70782e+06,Syn_13,allocated,263,none
1.70782e+06,Syn_15,allocated,263,none
